week,date,day,shift,slot,company,tier,company_id
1,2026-07-04,السبت,الفترة الصباحية,1,النور للأدوية - التجميل,A,c9b7e001-7c83-47f1-86e4-a4e22f96ed70
1,2026-07-04,السبت,الفترة الصباحية,2,المؤسسة المتحدة للأدوية,B,ead09800-f288-4ae2-bc06-0888c976c274
1,2026-07-04,السبت,الفترة الصباحية,3,الشركة العربية (ABC),A,d99d4ec7-561b-4ab4-b009-412902790a2e
1,2026-07-04,السبت,الفترة الصباحية,4,الجزيرة والخليج,B,c78bb60f-6a81-491a-bc5d-24d7689b1762
1,2026-07-04,السبت,الفترة الصباحية,5,رواد الدواء,B,9e93ee3d-ad1c-4306-94ea-89b33bde827b
1,2026-07-04,السبت,الفترة الصباحية,6,هم حضرموت للاستيراد,A,1f123d3d-8901-4232-a76e-677f6704c67f
1,2026-07-04,السبت,الفترة الصباحية,7,شركة أرض الجنتين - الأوربية,B,eae0c11c-158f-421e-b102-4060153802e6
1,2026-07-04,السبت,الفترة المسائية,1,شركة العابد العابد,A,7f1bc6d5-5107-4c89-85b4-d3f2f3d3f664
1,2026-07-04,السبت,الفترة المسائية,2,الشركة الدوائية - التخصصية,A,2fb27e9d-b6d2-49d2-b332-10ea7ce158b8
1,2026-07-04,السبت,الفترة المسائية,3,الجبل فارما - قسم الجبل,A,35a549a6-b17c-4c70-8fc6-87c525daf667
1,2026-07-04,السبت,الفترة المسائية,4,شركة العابد - سكوت,A,4b815465-999d-4996-b0ae-e973a20d9358
1,2026-07-04,السبت,الفترة المسائية,5,الشركة اليمنية المصرية,A,2b90f88e-fdbe-42aa-822a-a4b04c844f6d
1,2026-07-04,السبت,الفترة المسائية,6,هيلث كير (د/ سامي),B,f1039aee-2f7c-4859-9cc9-e82044fe1db5
1,2026-07-04,السبت,الفترة المسائية,7,محلات مياس للأدوية,B,bf86588b-e302-4c8a-8506-b44cf8daea40
1,2026-07-04,السبت,الفترة المسائية,8,ريدان بن عباس,B,24bdcda5-8fbf-4d1a-a8d7-acd41fe4dbf8
1,2026-07-05,الأحد,الفترة الصباحية,1,مخازن بلقيس - قسم التغذية,A,9d8639c0-f6c9-44e3-a2a1-7b3f32ef40e0
1,2026-07-05,الأحد,الفترة الصباحية,2,مؤسسة عبد الفتاح باجمال,B,1416398a-dbdd-4991-9140-e595270f12f4
1,2026-07-05,الأحد,الفترة الصباحية,3,امبال قسم جلينمارك,A,af7414d0-4edb-425e-a3cf-2b296f5085b7
1,2026-07-05,الأحد,الفترة الصباحية,4,مؤسسة الرمال للأدوية,B,a20ee442-e2a9-414e-a886-180f206f85a3
1,2026-07-05,الأحد,الفترة الصباحية,5,مؤسسة العنتري للأدوية,B,cc1739a3-48ad-4947-b4d2-f9d7972aafe3
1,2026-07-05,الأحد,الفترة الصباحية,6,فارما المحدودة / ناتكو,B,412ea31b-bff3-4007-9fad-43f2ae6cc1fd
1,2026-07-05,الأحد,الفترة الصباحية,7,مخازن بلقيس - العناية الصحية,A,7427ce0f-a5e8-42bd-9e54-8944e35548d4
1,2026-07-05,الأحد,الفترة المسائية,1,محلات المنصوب,B,d1346f15-1869-41dc-b520-cdc177813423
1,2026-07-05,الأحد,الفترة المسائية,2,احمد فارما,A,f1ceb8c9-cd9f-4e3c-92ea-a90f3a72abd9
1,2026-07-05,الأحد,الفترة المسائية,3,شركة الفتح - قسم المهن,B,ac55c978-2a6d-42fa-83c0-6b6f29c63d51
1,2026-07-05,الأحد,الفترة المسائية,4,ميديكا للصناعات الدوائية,A,177403b2-f23f-475a-8267-f4f8413a645e
1,2026-07-05,الأحد,الفترة المسائية,5,شركة البن للأدوية,B,d5eedcf5-60f3-4e38-ac5b-9725f08606a3
1,2026-07-05,الأحد,الفترة المسائية,6,هيلثي فارما,B,02baa3a9-e96a-47f9-8185-218bcf9a2ab2
1,2026-07-05,الأحد,الفترة المسائية,7,ادفانس كير للأدوية,A,a1accde3-394b-458d-b57b-bc06254f6b4b
1,2026-07-05,الأحد,الفترة المسائية,8,فيجا فارما للأدوية,B,2ef0480f-ecaf-4d21-83c3-5704843c7bee
1,2026-07-06,الإثنين,الفترة الصباحية,1,الدهيلي للأدوية,A,60cd7a9c-bd5e-4096-b4a3-d54a630102bb
1,2026-07-06,الإثنين,الفترة الصباحية,2,التخصصية فارما,A,efdc3ace-c6ef-45d1-9ea7-47925b7c3d91
1,2026-07-06,الإثنين,الفترة الصباحية,3,شركة غرناطة المحدودة,B,ac0490b8-3c8a-40a7-8e82-3d793c728f0b
1,2026-07-06,الإثنين,الفترة الصباحية,4,سافا فارما,B,cf5b717e-5997-4972-991a-870ea5c8f617
1,2026-07-06,الإثنين,الفترة الصباحية,5,رويال فارما التخصصية,B,b0052753-56dc-4591-84c2-b568639b3cc6
1,2026-07-06,الإثنين,الفترة الصباحية,6,ماف فارما للصناعات,B,ae09f6d3-c7bd-42e7-8e31-6b6359bfe2ce
1,2026-07-06,الإثنين,الفترة الصباحية,7,مؤسسة بن معمر للأدوية,B,c2cc4586-4ab7-424f-94ff-9f4e2638c244
1,2026-07-06,الإثنين,الفترة المسائية,1,محلات ابو جرير,B,1e521854-1b46-4c8d-bdb7-e3a34141999f
1,2026-07-06,الإثنين,الفترة المسائية,2,العيفري للأدوية,A,27127cad-cc73-43cb-b9dd-1c893bdc8c2c
1,2026-07-06,الإثنين,الفترة المسائية,3,المفضل فارما - المفضل,A,ab82e6ba-600b-483e-9332-edcae2b6d1a6
1,2026-07-06,الإثنين,الفترة المسائية,4,شركة الأمل الطبية,B,7002de7e-7e2c-4e09-8489-f5ee1b782049
1,2026-07-06,الإثنين,الفترة المسائية,5,مؤسسة وادي بن علي,B,255bdc3a-d4f5-4e9c-9f73-d229f7673d2b
1,2026-07-06,الإثنين,الفترة المسائية,6,النور للأدوية (مجموعة),A,f53bf8b0-141e-4985-aaba-a3700544620f
1,2026-07-06,الإثنين,الفترة المسائية,7,السريحي للأدوية,B,69ae82a8-afd7-461e-acd4-ea3a48b0f1d4
1,2026-07-06,الإثنين,الفترة المسائية,8,مجموعة الاتحاد للأدوية,B,55efa5dc-5188-4013-98b9-861964774783
1,2026-07-07,الثلاثاء,الفترة الصباحية,1,اوسبيتد ميديكال,B,f71597a8-036e-4c26-b593-99b77b6f5448
1,2026-07-07,الثلاثاء,الفترة الصباحية,2,القاهرة لتجارة الأدوية,B,e924295c-f77f-4c89-a407-d315532d126a
1,2026-07-07,الثلاثاء,الفترة الصباحية,3,مخازن بلقيس - القسم الأوروبي,A,e7b1ec22-8ed8-4e7e-b69a-b16802dc618d
1,2026-07-07,الثلاثاء,الفترة الصباحية,4,الوطنية للأدوية,B,40b9e55f-d9fd-44ae-994e-1a9c8b77266b
1,2026-07-07,الثلاثاء,الفترة الصباحية,5,العبير فارما,A,4e688f9e-b8c7-4256-816f-566e18291984
1,2026-07-07,الثلاثاء,الفترة الصباحية,6,شركة المحضار اخوان,B,153a0a09-3fcc-4f77-836f-17246a1c1530
1,2026-07-07,الثلاثاء,الفترة الصباحية,7,شركة الجبل - سيلا,A,a061deae-b228-47df-b8c1-16d994598f78
1,2026-07-07,الثلاثاء,الفترة المسائية,1,هيلث كير,B,f1586936-31d8-40ab-932f-10b577a33a14
1,2026-07-07,الثلاثاء,الفترة المسائية,2,الجبل فارما - قسم الحكمة,A,bc313a2a-0fe5-454e-9ad2-5a5135a3256e
1,2026-07-07,الثلاثاء,الفترة المسائية,3,مؤسسة محمد الشاعر,B,41cadb57-8d07-4f9e-9039-e97ed6e5b5bf
1,2026-07-07,الثلاثاء,الفترة المسائية,4,مؤسسة المداني,B,60a406d5-c3bc-4138-a55d-1774fb789cb4
1,2026-07-07,الثلاثاء,الفترة المسائية,5,مجموعة النمر للتجارة,B,5ed2cd33-fb03-4e55-8093-f01248c4b707
1,2026-07-07,الثلاثاء,الفترة المسائية,6,الثقة فارما,A,14706375-38ab-4d39-bd76-6cafee51a49e
1,2026-07-07,الثلاثاء,الفترة المسائية,7,شركة أرض الجنتين - العربية,B,b8287cb1-04ed-47a9-bd62-b3fe07f8a2eb
1,2026-07-07,الثلاثاء,الفترة المسائية,8,سمارتي للأدوية,B,a4f659cf-7065-48e7-86b8-a52b400f30ef
1,2026-07-08,الأربعاء,الفترة الصباحية,1,الأسدين فارما,A,4aa8b2a2-1cb5-403e-bf96-685585fdac3f
1,2026-07-08,الأربعاء,الفترة الصباحية,2,شركة الملك للتجارة,B,02b08283-8aec-4488-833e-6f9fe207cec3
1,2026-07-08,الأربعاء,الفترة الصباحية,3,مؤسسة الخليج العربي,B,eaaded01-668b-4b2d-930f-a6aa6839d69e
1,2026-07-08,الأربعاء,الفترة الصباحية,4,شركة الشرق للأدوية,B,2abfc327-1564-4d90-a983-3d87f43364c2
1,2026-07-08,الأربعاء,الفترة الصباحية,5,شركة إنما فارما,A,f40785dd-014b-453e-a559-cecbd7567403
1,2026-07-08,الأربعاء,الفترة الصباحية,6,الغزالي للأدوية,B,b174d6d5-610e-4b36-a3c2-72a051d3af2d
1,2026-07-08,الأربعاء,الفترة الصباحية,7,شركة عين سبا,B,06279de2-4b96-414e-9455-9942050d6590
1,2026-07-08,الأربعاء,الفترة المسائية,1,است برو هيلت,A,b8862cb5-0619-4c73-93e0-46941439169e
1,2026-07-08,الأربعاء,الفترة المسائية,2,النبيل للأدوية,B,704bc8d0-75a1-47e4-92e1-94c457f7ed7d
1,2026-07-08,الأربعاء,الفترة المسائية,3,المفضل فارما - بيليم,A,77d4208b-c4e9-46f6-9c50-1e8d8f59efdb
1,2026-07-08,الأربعاء,الفترة المسائية,4,سر الدواء للأدوية,B,fd4e9d70-290a-419a-98d0-8a8dacd04bd3
1,2026-07-08,الأربعاء,الفترة المسائية,5,صيدلية الهلال 2,A,8aba1956-21fc-46c6-ae6d-b10039249edf
1,2026-07-08,الأربعاء,الفترة المسائية,6,الشركة العالمية - قطاع فارما,A,f3433cb4-2cb9-4950-9796-b36f563080c5
1,2026-07-08,الأربعاء,الفترة المسائية,7,فواصل فارما,B,54a5da65-56a1-4388-9a39-f13ac5d794c2
2,2026-07-11,السبت,الفترة الصباحية,1,شركة اليمان فارما,A,880d0a24-6941-4118-bccd-c88b5a8d5424
2,2026-07-11,السبت,الفترة الصباحية,2,النور للأدوية (مجموعة),A,f53bf8b0-141e-4985-aaba-a3700544620f
2,2026-07-11,السبت,الفترة الصباحية,3,النور للأدوية - التجميل,A,c9b7e001-7c83-47f1-86e4-a4e22f96ed70
2,2026-07-11,السبت,الفترة الصباحية,4,توكيلات اليمامة للأدوية,B,95c4f8a9-eea0-4679-a517-526803c08ac4
2,2026-07-11,السبت,الفترة الصباحية,5,الوطنية للأدوية,B,40b9e55f-d9fd-44ae-994e-1a9c8b77266b
2,2026-07-11,السبت,الفترة الصباحية,6,شركة نماء فارما,B,f5c9ccee-7731-40d2-a6f8-f029c9af4d51
2,2026-07-11,السبت,الفترة الصباحية,7,شركة الرباط فارما,B,d8d310f3-af76-4cea-b117-fda9ec83f125
2,2026-07-11,السبت,الفترة المسائية,1,الميدان للأدوية,B,61f6e5f8-1569-482f-8f2e-7caf5b3c5246
2,2026-07-11,السبت,الفترة المسائية,2,شركة لوتن للأدوية,B,edb3e295-e99f-434c-8885-6acf3d28a53d
2,2026-07-11,السبت,الفترة المسائية,3,المفضل فارما - بيليم,A,77d4208b-c4e9-46f6-9c50-1e8d8f59efdb
2,2026-07-11,السبت,الفترة المسائية,4,مخازن بلقيس - القسم الأوروبي,A,e7b1ec22-8ed8-4e7e-b69a-b16802dc618d
2,2026-07-11,السبت,الفترة المسائية,5,صيدلية الهلال 2,A,8aba1956-21fc-46c6-ae6d-b10039249edf
2,2026-07-11,السبت,الفترة المسائية,6,رويال فارما التخصصية,B,b0052753-56dc-4591-84c2-b568639b3cc6
2,2026-07-11,السبت,الفترة المسائية,7,المؤسسة المتقدمة - بيزلين,B,370a9139-c16b-4cd2-807c-b81aa19c0825
2,2026-07-11,السبت,الفترة المسائية,8,شركة العابد - سكوت,A,4b815465-999d-4996-b0ae-e973a20d9358
2,2026-07-12,الأحد,الفترة الصباحية,1,الشركة العربية (ABC),A,d99d4ec7-561b-4ab4-b009-412902790a2e
2,2026-07-12,الأحد,الفترة الصباحية,2,هم حضرموت للاستيراد,A,1f123d3d-8901-4232-a76e-677f6704c67f
2,2026-07-12,الأحد,الفترة الصباحية,3,مؤسسة ابن القادري,B,0156baed-0154-47df-a3f4-87c7a87998ce
2,2026-07-12,الأحد,الفترة الصباحية,4,شركة إنما فارما,A,f40785dd-014b-453e-a559-cecbd7567403
2,2026-07-12,الأحد,الفترة الصباحية,5,مؤسسة السعادة الطبية,B,4030e19a-26bb-4a0a-831a-a827fd1c7287
2,2026-07-12,الأحد,الفترة الصباحية,6,صيدلية الهلال 3,A,63057e0f-2006-4072-bf6a-6f8156b8e9fc
2,2026-07-12,الأحد,الفترة الصباحية,7,الأسدين فارما,A,4aa8b2a2-1cb5-403e-bf96-685585fdac3f
2,2026-07-12,الأحد,الفترة المسائية,1,مؤسسة محمد عبد الفتاح,B,73136f1a-6b11-444b-9151-23617d2214a0
2,2026-07-12,الأحد,الفترة المسائية,2,ميديكا للصناعات الدوائية,A,177403b2-f23f-475a-8267-f4f8413a645e
2,2026-07-12,الأحد,الفترة المسائية,3,العبير فارما,A,4e688f9e-b8c7-4256-816f-566e18291984
2,2026-07-12,الأحد,الفترة المسائية,4,فواصل فارما,B,54a5da65-56a1-4388-9a39-f13ac5d794c2
2,2026-07-12,الأحد,الفترة المسائية,5,مجموعة الاتحاد للأدوية,B,55efa5dc-5188-4013-98b9-861964774783
2,2026-07-12,الأحد,الفترة المسائية,6,تداوي فارما,B,00f177eb-4b34-477f-875f-6c0bb60fddbf
2,2026-07-12,الأحد,الفترة المسائية,7,شركة الرشيد للأدوية,B,2082ab29-95f2-428a-a759-bc8cae539cfa
2,2026-07-12,الأحد,الفترة المسائية,8,ادفانس كير للأدوية,A,a1accde3-394b-458d-b57b-bc06254f6b4b
2,2026-07-13,الإثنين,الفترة الصباحية,1,عدينة فارما للأدوية,B,0e8d7667-d9b8-4a4c-893d-2ec5b6b13237
2,2026-07-13,الإثنين,الفترة الصباحية,2,شركة الفتح - قسم المهن,B,ac55c978-2a6d-42fa-83c0-6b6f29c63d51
2,2026-07-13,الإثنين,الفترة الصباحية,3,مؤسسة العنتري للأدوية,B,cc1739a3-48ad-4947-b4d2-f9d7972aafe3
2,2026-07-13,الإثنين,الفترة الصباحية,4,الشركة اليمنية المصرية,A,2b90f88e-fdbe-42aa-822a-a4b04c844f6d
2,2026-07-13,الإثنين,الفترة الصباحية,5,مخازن الزبيدي للأدوية,B,ae2fb31c-91fd-4a76-91f7-6b5872512589
2,2026-07-13,الإثنين,الفترة الصباحية,6,مؤسسة وادي بن علي,B,255bdc3a-d4f5-4e9c-9f73-d229f7673d2b
2,2026-07-13,الإثنين,الفترة الصباحية,7,ذا بست كير للأدوية,B,96e64700-4244-4447-859e-3cd2cde50b49
2,2026-07-13,الإثنين,الفترة المسائية,1,الجبل فارما - قسم الجبل,A,35a549a6-b17c-4c70-8fc6-87c525daf667
2,2026-07-13,الإثنين,الفترة المسائية,2,مدينة سام للتجارة,B,446a8900-d054-4ab6-af84-b7133f6bbb4a
2,2026-07-13,الإثنين,الفترة المسائية,3,المفضل فارما - المفضل,A,ab82e6ba-600b-483e-9332-edcae2b6d1a6
2,2026-07-13,الإثنين,الفترة المسائية,4,مخازن بلقيس - القسم العربي,A,fe7f09d4-8d61-4d8f-a172-f626502cc485
2,2026-07-13,الإثنين,الفترة المسائية,5,منير علي للاستيراد,B,ed05656b-f4d7-48d1-a80a-fa56ad43c73b
2,2026-07-13,الإثنين,الفترة المسائية,6,ريدان بن عباس,B,24bdcda5-8fbf-4d1a-a8d7-acd41fe4dbf8
2,2026-07-13,الإثنين,الفترة المسائية,7,بيور ديرمالاب,B,ff029cb7-cd76-4fb0-a468-808b336579d0
2,2026-07-13,الإثنين,الفترة المسائية,8,اصرار فارما,A,66bdbd3b-59a8-4d9c-8997-d771abd6f9c1
2,2026-07-14,الثلاثاء,الفترة الصباحية,1,القفلي للأدوية,B,608f251f-effd-483c-a1c9-e230885df129
2,2026-07-14,الثلاثاء,الفترة الصباحية,2,مسايا فارما للاستيراد,B,7bc4ad2d-2f60-47b1-ab38-0914ad9d0a54
2,2026-07-14,الثلاثاء,الفترة الصباحية,3,شركة الشرق للأدوية,B,2abfc327-1564-4d90-a983-3d87f43364c2
2,2026-07-14,الثلاثاء,الفترة الصباحية,4,سبأ فارما - عبده البتن,B,c24ab94c-4f9b-48c4-a3fc-5c65464eae64
2,2026-07-14,الثلاثاء,الفترة الصباحية,5,اوسبيتد ميديكال,B,f71597a8-036e-4c26-b593-99b77b6f5448
2,2026-07-14,الثلاثاء,الفترة الصباحية,6,مؤسسة المدينة,B,93779a72-7b1e-4541-bfd2-370fe5bb7351
2,2026-07-14,الثلاثاء,الفترة الصباحية,7,هيلث كير,B,f1586936-31d8-40ab-932f-10b577a33a14
2,2026-07-14,الثلاثاء,الفترة المسائية,1,صيدلية الهلال 1,A,bc497db6-c5ae-4a47-b8b6-880e570712da
2,2026-07-14,الثلاثاء,الفترة المسائية,2,محلات مياس للأدوية,B,bf86588b-e302-4c8a-8506-b44cf8daea40
2,2026-07-14,الثلاثاء,الفترة المسائية,3,ليدر فارما للأدوية,B,7be101b3-cc7b-4a4c-8232-c8a07ab9a250
2,2026-07-14,الثلاثاء,الفترة المسائية,4,ارض الريادة للاستيراد,A,cbf1f7ab-c9e9-4023-9fca-7bc6da62d3a2
2,2026-07-14,الثلاثاء,الفترة المسائية,5,شركة العابد - فارما,A,801e8daf-8535-415e-b71a-f5d2a054a268
2,2026-07-14,الثلاثاء,الفترة المسائية,6,شركة النهدي الطبية,A,39289db2-8a71-45c2-8650-7a83cf094dbe
2,2026-07-14,الثلاثاء,الفترة المسائية,7,شركة حضرموت الوادي,B,8091e163-c48b-4ff4-a07c-9e360edbcb2a
2,2026-07-14,الثلاثاء,الفترة المسائية,8,تيبكال ميديكال,B,62f8a37b-a5cb-404d-b24e-d5f9481ac1a0
2,2026-07-15,الأربعاء,الفترة الصباحية,1,الشركة الدوائية - التخصصية,A,2fb27e9d-b6d2-49d2-b332-10ea7ce158b8
2,2026-07-15,الأربعاء,الفترة الصباحية,2,اي في فارما للأدوية,B,52e0aa31-b2fd-4515-b953-a524318799d2
2,2026-07-15,الأربعاء,الفترة الصباحية,3,محدب ميديكال,B,6f335236-b5f8-410e-93a4-33b6db6049e8
2,2026-07-15,الأربعاء,الفترة الصباحية,4,شمس الجزيرة للأدوية,B,2bbc10ad-5d64-44be-bc89-330be06df0a0
2,2026-07-15,الأربعاء,الفترة الصباحية,5,المفضل فارما - نيو فارما,A,da294ccd-3e4d-402c-ac93-d0de5282c30b
2,2026-07-15,الأربعاء,الفترة الصباحية,6,الثقة فارما,A,14706375-38ab-4d39-bd76-6cafee51a49e
2,2026-07-15,الأربعاء,الفترة الصباحية,7,ميد واي للأدوية,B,652c8397-64ef-4b29-8b15-54884ef58873
2,2026-07-15,الأربعاء,الفترة المسائية,1,است برو هيلت,A,b8862cb5-0619-4c73-93e0-46941439169e
2,2026-07-15,الأربعاء,الفترة المسائية,2,شركة الفتح - قسم الأدوية,B,6a7a9ea8-a931-4106-8831-6e260a0efa10
2,2026-07-15,الأربعاء,الفترة المسائية,3,محمد الجوهري,B,78eb75fb-3467-4585-9032-3679ff8160d1
2,2026-07-15,الأربعاء,الفترة المسائية,4,شركة سوكر للأدوية,B,6d44b3c1-5d14-48a5-bda8-746fa2b54ee1
2,2026-07-15,الأربعاء,الفترة المسائية,5,التخصصية فارما,A,efdc3ace-c6ef-45d1-9ea7-47925b7c3d91
2,2026-07-15,الأربعاء,الفترة المسائية,6,الشركة العربية للأدوية,A,3cc28b9f-211e-4959-83e2-d245ac57d400
2,2026-07-15,الأربعاء,الفترة المسائية,7,الدواء ميديكال,A,9f61c185-4691-4101-bb4b-7670ebc1192a
3,2026-07-18,السبت,الفترة الصباحية,1,صيدلية الهلال 1,A,bc497db6-c5ae-4a47-b8b6-880e570712da
3,2026-07-18,السبت,الفترة الصباحية,2,محمد الجوهري,B,78eb75fb-3467-4585-9032-3679ff8160d1
3,2026-07-18,السبت,الفترة الصباحية,3,توكيلات اليمامة للأدوية,B,95c4f8a9-eea0-4679-a517-526803c08ac4
3,2026-07-18,السبت,الفترة الصباحية,4,الدهيلي للأدوية,A,60cd7a9c-bd5e-4096-b4a3-d54a630102bb
3,2026-07-18,السبت,الفترة الصباحية,5,شركة أرض الجنتين - الأوربية,B,eae0c11c-158f-421e-b102-4060153802e6
3,2026-07-18,السبت,الفترة الصباحية,6,اي في فارما للأدوية,B,52e0aa31-b2fd-4515-b953-a524318799d2
3,2026-07-18,السبت,الفترة الصباحية,7,شركة العابد - فارما,A,801e8daf-8535-415e-b71a-f5d2a054a268
3,2026-07-18,السبت,الفترة المسائية,1,عدينة فارما للأدوية,B,0e8d7667-d9b8-4a4c-893d-2ec5b6b13237
3,2026-07-18,السبت,الفترة المسائية,2,شركة النهدي الطبية,A,39289db2-8a71-45c2-8650-7a83cf094dbe
3,2026-07-18,السبت,الفترة المسائية,3,جوبان فارما,B,6cf2dddf-c441-46ed-aec1-b8fbb7b70a7b
3,2026-07-18,السبت,الفترة المسائية,4,النور للأدوية - التجميل,A,c9b7e001-7c83-47f1-86e4-a4e22f96ed70
3,2026-07-18,السبت,الفترة المسائية,5,شركة سوكر للأدوية,B,6d44b3c1-5d14-48a5-bda8-746fa2b54ee1
3,2026-07-18,السبت,الفترة المسائية,6,شركة الرشيد للأدوية,B,2082ab29-95f2-428a-a759-bc8cae539cfa
3,2026-07-18,السبت,الفترة المسائية,7,شركة شام فارما,B,eb008866-51da-427d-a6cd-42c194b25887
3,2026-07-18,السبت,الفترة المسائية,8,شركة الملك للتجارة,B,02b08283-8aec-4488-833e-6f9fe207cec3
3,2026-07-19,الأحد,الفترة الصباحية,1,التخصصية فارما,A,efdc3ace-c6ef-45d1-9ea7-47925b7c3d91
3,2026-07-19,الأحد,الفترة الصباحية,2,مخازن بلقيس - القسم العربي,A,fe7f09d4-8d61-4d8f-a172-f626502cc485
3,2026-07-19,الأحد,الفترة الصباحية,3,مياس فارما للتجارة,B,dd0f15df-1e01-4cde-b6a0-fe53afd09d18
3,2026-07-19,الأحد,الفترة الصباحية,4,تيبكال ميديكال,B,62f8a37b-a5cb-404d-b24e-d5f9481ac1a0
3,2026-07-19,الأحد,الفترة الصباحية,5,الدواء ميديكال,A,9f61c185-4691-4101-bb4b-7670ebc1192a
3,2026-07-19,الأحد,الفترة الصباحية,6,بيور ديرمالاب,B,ff029cb7-cd76-4fb0-a468-808b336579d0
3,2026-07-19,الأحد,الفترة الصباحية,7,الشركة العالمية - قطاع فارما,A,f3433cb4-2cb9-4950-9796-b36f563080c5
3,2026-07-19,الأحد,الفترة المسائية,1,محدب ميديكال,B,6f335236-b5f8-410e-93a4-33b6db6049e8
3,2026-07-19,الأحد,الفترة المسائية,2,اصرار فارما,A,66bdbd3b-59a8-4d9c-8997-d771abd6f9c1
3,2026-07-19,الأحد,الفترة المسائية,3,مخازن بلقيس - العناية الصحية,A,7427ce0f-a5e8-42bd-9e54-8944e35548d4
3,2026-07-19,الأحد,الفترة المسائية,4,احمد فارما,A,f1ceb8c9-cd9f-4e3c-92ea-a90f3a72abd9
3,2026-07-19,الأحد,الفترة المسائية,5,الأسدين فارما,A,4aa8b2a2-1cb5-403e-bf96-685585fdac3f
3,2026-07-19,الأحد,الفترة المسائية,6,ناتو فارما العالمية,B,8610975e-c80a-496a-9a65-c940c5fc478a
3,2026-07-19,الأحد,الفترة المسائية,7,شركة العابد - سكوت,A,4b815465-999d-4996-b0ae-e973a20d9358
3,2026-07-19,الأحد,الفترة المسائية,8,ليدر فارما للأدوية,B,7be101b3-cc7b-4a4c-8232-c8a07ab9a250
3,2026-07-20,الإثنين,الفترة الصباحية,1,القفلي للأدوية,B,608f251f-effd-483c-a1c9-e230885df129
3,2026-07-20,الإثنين,الفترة الصباحية,2,العيفري للأدوية,A,27127cad-cc73-43cb-b9dd-1c893bdc8c2c
3,2026-07-20,الإثنين,الفترة الصباحية,3,هيلثي فارما,B,02baa3a9-e96a-47f9-8185-218bcf9a2ab2
3,2026-07-20,الإثنين,الفترة الصباحية,4,شركة العابد العابد,A,7f1bc6d5-5107-4c89-85b4-d3f2f3d3f664
3,2026-07-20,الإثنين,الفترة الصباحية,5,شركة لوتن للأدوية,B,edb3e295-e99f-434c-8885-6acf3d28a53d
3,2026-07-20,الإثنين,الفترة الصباحية,6,شركة المحضار اخوان,B,153a0a09-3fcc-4f77-836f-17246a1c1530
3,2026-07-20,الإثنين,الفترة الصباحية,7,مؤسسة المدينة,B,93779a72-7b1e-4541-bfd2-370fe5bb7351
3,2026-07-20,الإثنين,الفترة المسائية,1,شركة اليمان فارما,A,880d0a24-6941-4118-bccd-c88b5a8d5424
3,2026-07-20,الإثنين,الفترة المسائية,2,الجزيرة والخليج,B,c78bb60f-6a81-491a-bc5d-24d7689b1762
3,2026-07-20,الإثنين,الفترة المسائية,3,مؤسسة عبد الفتاح باجمال,B,1416398a-dbdd-4991-9140-e595270f12f4
3,2026-07-20,الإثنين,الفترة المسائية,4,المعالي ميديكال,B,3c635148-2e8c-49bf-9b71-70b533607584
3,2026-07-20,الإثنين,الفترة المسائية,5,شركة الفرقان التجارية,B,c50d9c70-2f57-4db3-869d-6940cb658024
3,2026-07-20,الإثنين,الفترة المسائية,6,الجبل فارما - قسم الحكمة,A,bc313a2a-0fe5-454e-9ad2-5a5135a3256e
3,2026-07-20,الإثنين,الفترة المسائية,7,مدينة سام للتجارة,B,446a8900-d054-4ab6-af84-b7133f6bbb4a
3,2026-07-20,الإثنين,الفترة المسائية,8,وكالة ثمار الوفاء للأدوية,B,e1082a9d-8459-4635-8728-27dbabfe3fd3
3,2026-07-21,الثلاثاء,الفترة الصباحية,1,المفضل فارما - نيو فارما,A,da294ccd-3e4d-402c-ac93-d0de5282c30b
3,2026-07-21,الثلاثاء,الفترة الصباحية,2,صيدلية الهلال 3,A,63057e0f-2006-4072-bf6a-6f8156b8e9fc
3,2026-07-21,الثلاثاء,الفترة الصباحية,3,صيدلية الهلال 2,A,8aba1956-21fc-46c6-ae6d-b10039249edf
3,2026-07-21,الثلاثاء,الفترة الصباحية,4,امبال قسم جلينمارك,A,af7414d0-4edb-425e-a3cf-2b296f5085b7
3,2026-07-21,الثلاثاء,الفترة الصباحية,5,فيجا فارما للأدوية,B,2ef0480f-ecaf-4d21-83c3-5704843c7bee
3,2026-07-21,الثلاثاء,الفترة الصباحية,6,هم حضرموت للاستيراد,A,1f123d3d-8901-4232-a76e-677f6704c67f
3,2026-07-21,الثلاثاء,الفترة الصباحية,7,ريمان فارما,B,b810d9e5-6b91-48c1-85b9-db8ba3fd511e
3,2026-07-21,الثلاثاء,الفترة المسائية,1,سافا فارما,B,cf5b717e-5997-4972-991a-870ea5c8f617
3,2026-07-21,الثلاثاء,الفترة المسائية,2,المفضل فارما - بيليم,A,77d4208b-c4e9-46f6-9c50-1e8d8f59efdb
3,2026-07-21,الثلاثاء,الفترة المسائية,3,بريميم كير للأدوية,B,f1b1aa17-09a6-4676-961f-84a62e4080e1
3,2026-07-21,الثلاثاء,الفترة المسائية,4,مؤسسة السعادة الطبية,B,4030e19a-26bb-4a0a-831a-a827fd1c7287
3,2026-07-21,الثلاثاء,الفترة المسائية,5,مسايا فارما للاستيراد,B,7bc4ad2d-2f60-47b1-ab38-0914ad9d0a54
3,2026-07-21,الثلاثاء,الفترة المسائية,6,سبأ فارما - عبده البتن,B,c24ab94c-4f9b-48c4-a3fc-5c65464eae64
3,2026-07-21,الثلاثاء,الفترة المسائية,7,شركة الجبل - سيلا,A,a061deae-b228-47df-b8c1-16d994598f78
3,2026-07-21,الثلاثاء,الفترة المسائية,8,شركة الفتح - قسم الأدوية,B,6a7a9ea8-a931-4106-8831-6e260a0efa10
3,2026-07-22,الأربعاء,الفترة الصباحية,1,الزغير فارما,B,4132e2df-702a-44d5-a0f7-fbebd36812b5
3,2026-07-22,الأربعاء,الفترة الصباحية,2,شركة الأمل الطبية,B,7002de7e-7e2c-4e09-8489-f5ee1b782049
3,2026-07-22,الأربعاء,الفترة الصباحية,3,مخازن بلقيس - قسم التغذية,A,9d8639c0-f6c9-44e3-a2a1-7b3f32ef40e0
3,2026-07-22,الأربعاء,الفترة الصباحية,4,ذا بست كير للأدوية,B,96e64700-4244-4447-859e-3cd2cde50b49
3,2026-07-22,الأربعاء,الفترة الصباحية,5,الشركة العربية للأدوية,A,3cc28b9f-211e-4959-83e2-d245ac57d400
3,2026-07-22,الأربعاء,الفترة الصباحية,6,الثقة فارما,A,14706375-38ab-4d39-bd76-6cafee51a49e
3,2026-07-22,الأربعاء,الفترة الصباحية,7,شركة ارض الجنتين - جلفار,B,ee760dcd-daf1-4ef3-b962-d5b8b1fb799c
3,2026-07-22,الأربعاء,الفترة المسائية,1,شركة إنما فارما,A,f40785dd-014b-453e-a559-cecbd7567403
3,2026-07-22,الأربعاء,الفترة المسائية,2,سمارتي للأدوية,B,a4f659cf-7065-48e7-86b8-a52b400f30ef
3,2026-07-22,الأربعاء,الفترة المسائية,3,ارض الريادة للاستيراد,A,cbf1f7ab-c9e9-4023-9fca-7bc6da62d3a2
3,2026-07-22,الأربعاء,الفترة المسائية,4,منير علي للاستيراد,B,ed05656b-f4d7-48d1-a80a-fa56ad43c73b
3,2026-07-22,الأربعاء,الفترة المسائية,5,السريحي للأدوية,B,69ae82a8-afd7-461e-acd4-ea3a48b0f1d4
3,2026-07-22,الأربعاء,الفترة المسائية,6,الجبل فارما - قسم الجبل,A,35a549a6-b17c-4c70-8fc6-87c525daf667
3,2026-07-22,الأربعاء,الفترة المسائية,7,الفهد فارما,B,bf2f61b6-2151-45d0-92f6-2cda0b6c7dee
4,2026-07-25,السبت,الفترة الصباحية,1,اصرار فارما,A,66bdbd3b-59a8-4d9c-8997-d771abd6f9c1
4,2026-07-25,السبت,الفترة الصباحية,2,الشركة العالمية - قطاع فارما,A,f3433cb4-2cb9-4950-9796-b36f563080c5
4,2026-07-25,السبت,الفترة الصباحية,3,النبيل للأدوية,B,704bc8d0-75a1-47e4-92e1-94c457f7ed7d
4,2026-07-25,السبت,الفترة الصباحية,4,الشركة العربية للأدوية,A,3cc28b9f-211e-4959-83e2-d245ac57d400
4,2026-07-25,السبت,الفترة الصباحية,5,شركة البن للأدوية,B,d5eedcf5-60f3-4e38-ac5b-9725f08606a3
4,2026-07-25,السبت,الفترة الصباحية,6,محلات ابو جرير,B,1e521854-1b46-4c8d-bdb7-e3a34141999f
4,2026-07-25,السبت,الفترة الصباحية,7,هيلث كير (د/ سامي),B,f1039aee-2f7c-4859-9cc9-e82044fe1db5
4,2026-07-25,السبت,الفترة المسائية,1,است برو هيلت,A,b8862cb5-0619-4c73-93e0-46941439169e
4,2026-07-25,السبت,الفترة المسائية,2,المفضل فارما - المفضل,A,ab82e6ba-600b-483e-9332-edcae2b6d1a6
4,2026-07-25,السبت,الفترة المسائية,3,مؤسسة الرمال للأدوية,B,a20ee442-e2a9-414e-a886-180f206f85a3
4,2026-07-25,السبت,الفترة المسائية,4,الغزالي للأدوية,B,b174d6d5-610e-4b36-a3c2-72a051d3af2d
4,2026-07-25,السبت,الفترة المسائية,5,مؤسسة الخليج العربي,B,eaaded01-668b-4b2d-930f-a6aa6839d69e
4,2026-07-25,السبت,الفترة المسائية,6,صيدلية الهلال 3,A,63057e0f-2006-4072-bf6a-6f8156b8e9fc
4,2026-07-25,السبت,الفترة المسائية,7,القاهرة لتجارة الأدوية,B,e924295c-f77f-4c89-a407-d315532d126a
4,2026-07-25,السبت,الفترة المسائية,8,الدهيلي للأدوية,A,60cd7a9c-bd5e-4096-b4a3-d54a630102bb
4,2026-07-26,الأحد,الفترة الصباحية,1,الدواء ميديكال,A,9f61c185-4691-4101-bb4b-7670ebc1192a
4,2026-07-26,الأحد,الفترة الصباحية,2,مخازن بلقيس - العناية الصحية,A,7427ce0f-a5e8-42bd-9e54-8944e35548d4
4,2026-07-26,الأحد,الفترة الصباحية,3,شركة اليمان فارما,A,880d0a24-6941-4118-bccd-c88b5a8d5424
4,2026-07-26,الأحد,الفترة الصباحية,4,النور للأدوية (مجموعة),A,f53bf8b0-141e-4985-aaba-a3700544620f
4,2026-07-26,الأحد,الفترة الصباحية,5,ادفانس كير للأدوية,A,a1accde3-394b-458d-b57b-bc06254f6b4b
4,2026-07-26,الأحد,الفترة الصباحية,6,بريميم كير للأدوية,B,f1b1aa17-09a6-4676-961f-84a62e4080e1
4,2026-07-26,الأحد,الفترة الصباحية,7,مخازن الزبيدي للأدوية,B,ae2fb31c-91fd-4a76-91f7-6b5872512589
4,2026-07-26,الأحد,الفترة المسائية,1,الشركة اليمنية المصرية,A,2b90f88e-fdbe-42aa-822a-a4b04c844f6d
4,2026-07-26,الأحد,الفترة المسائية,2,مؤسسة بن معمر للأدوية,B,c2cc4586-4ab7-424f-94ff-9f4e2638c244
4,2026-07-26,الأحد,الفترة المسائية,3,مؤسسة محمد عبد الفتاح,B,73136f1a-6b11-444b-9151-23617d2214a0
4,2026-07-26,الأحد,الفترة المسائية,4,شركة شام فارما,B,eb008866-51da-427d-a6cd-42c194b25887
4,2026-07-26,الأحد,الفترة المسائية,5,ميديكا للصناعات الدوائية,A,177403b2-f23f-475a-8267-f4f8413a645e
4,2026-07-26,الأحد,الفترة المسائية,6,امبال قسم جلينمارك,A,af7414d0-4edb-425e-a3cf-2b296f5085b7
4,2026-07-26,الأحد,الفترة المسائية,7,شركة أرض الجنتين - العربية,B,b8287cb1-04ed-47a9-bd62-b3fe07f8a2eb
4,2026-07-26,الأحد,الفترة المسائية,8,مخازن بلقيس - قسم التغذية,A,9d8639c0-f6c9-44e3-a2a1-7b3f32ef40e0
4,2026-07-27,الإثنين,الفترة الصباحية,1,المؤسسة المتقدمة - بيزلين,B,370a9139-c16b-4cd2-807c-b81aa19c0825
4,2026-07-27,الإثنين,الفترة الصباحية,2,الزغير فارما,B,4132e2df-702a-44d5-a0f7-fbebd36812b5
4,2026-07-27,الإثنين,الفترة الصباحية,3,الميدان للأدوية,B,61f6e5f8-1569-482f-8f2e-7caf5b3c5246
4,2026-07-27,الإثنين,الفترة الصباحية,4,رواد الدواء,B,9e93ee3d-ad1c-4306-94ea-89b33bde827b
4,2026-07-27,الإثنين,الفترة الصباحية,5,فارما المحدودة / ناتكو,B,412ea31b-bff3-4007-9fad-43f2ae6cc1fd
4,2026-07-27,الإثنين,الفترة الصباحية,6,الشركة العربية (ABC),A,d99d4ec7-561b-4ab4-b009-412902790a2e
4,2026-07-27,الإثنين,الفترة الصباحية,7,سر الدواء للأدوية,B,fd4e9d70-290a-419a-98d0-8a8dacd04bd3
4,2026-07-27,الإثنين,الفترة المسائية,1,شركة النهدي الطبية,A,39289db2-8a71-45c2-8650-7a83cf094dbe
4,2026-07-27,الإثنين,الفترة المسائية,2,ميد واي للأدوية,B,652c8397-64ef-4b29-8b15-54884ef58873
4,2026-07-27,الإثنين,الفترة المسائية,3,شركة العابد - فارما,A,801e8daf-8535-415e-b71a-f5d2a054a268
4,2026-07-27,الإثنين,الفترة المسائية,4,صيدلية الهلال 1,A,bc497db6-c5ae-4a47-b8b6-880e570712da
4,2026-07-27,الإثنين,الفترة المسائية,5,الفهد فارما,B,bf2f61b6-2151-45d0-92f6-2cda0b6c7dee
4,2026-07-27,الإثنين,الفترة المسائية,6,الشركة الدوائية - التخصصية,A,2fb27e9d-b6d2-49d2-b332-10ea7ce158b8
4,2026-07-27,الإثنين,الفترة المسائية,7,المفضل فارما - نيو فارما,A,da294ccd-3e4d-402c-ac93-d0de5282c30b
4,2026-07-27,الإثنين,الفترة المسائية,8,شركة الجبل - سيلا,A,a061deae-b228-47df-b8c1-16d994598f78
4,2026-07-28,الثلاثاء,الفترة الصباحية,1,مخازن بلقيس - القسم العربي,A,fe7f09d4-8d61-4d8f-a172-f626502cc485
4,2026-07-28,الثلاثاء,الفترة الصباحية,2,شركة ارض الجنتين - جلفار,B,ee760dcd-daf1-4ef3-b962-d5b8b1fb799c
4,2026-07-28,الثلاثاء,الفترة الصباحية,3,مؤسسة ابن القادري,B,0156baed-0154-47df-a3f4-87c7a87998ce
4,2026-07-28,الثلاثاء,الفترة الصباحية,4,المؤسسة المتحدة للأدوية,B,ead09800-f288-4ae2-bc06-0888c976c274
4,2026-07-28,الثلاثاء,الفترة الصباحية,5,شركة نماء فارما,B,f5c9ccee-7731-40d2-a6f8-f029c9af4d51
4,2026-07-28,الثلاثاء,الفترة الصباحية,6,شركة الفرقان التجارية,B,c50d9c70-2f57-4db3-869d-6940cb658024
4,2026-07-28,الثلاثاء,الفترة الصباحية,7,جوبان فارما,B,6cf2dddf-c441-46ed-aec1-b8fbb7b70a7b
4,2026-07-28,الثلاثاء,الفترة المسائية,1,مؤسسة المداني,B,60a406d5-c3bc-4138-a55d-1774fb789cb4
4,2026-07-28,الثلاثاء,الفترة المسائية,2,ناتو فارما العالمية,B,8610975e-c80a-496a-9a65-c940c5fc478a
4,2026-07-28,الثلاثاء,الفترة المسائية,3,العبير فارما,A,4e688f9e-b8c7-4256-816f-566e18291984
4,2026-07-28,الثلاثاء,الفترة المسائية,4,احمد فارما,A,f1ceb8c9-cd9f-4e3c-92ea-a90f3a72abd9
4,2026-07-28,الثلاثاء,الفترة المسائية,5,العيفري للأدوية,A,27127cad-cc73-43cb-b9dd-1c893bdc8c2c
4,2026-07-28,الثلاثاء,الفترة المسائية,6,ماف فارما للصناعات,B,ae09f6d3-c7bd-42e7-8e31-6b6359bfe2ce
4,2026-07-28,الثلاثاء,الفترة المسائية,7,ريمان فارما,B,b810d9e5-6b91-48c1-85b9-db8ba3fd511e
4,2026-07-28,الثلاثاء,الفترة المسائية,8,الجبل فارما - قسم الحكمة,A,bc313a2a-0fe5-454e-9ad2-5a5135a3256e
4,2026-07-29,الأربعاء,الفترة الصباحية,1,محلات المنصوب,B,d1346f15-1869-41dc-b520-cdc177813423
4,2026-07-29,الأربعاء,الفترة الصباحية,2,شركة عين سبا,B,06279de2-4b96-414e-9455-9942050d6590
4,2026-07-29,الأربعاء,الفترة الصباحية,3,تداوي فارما,B,00f177eb-4b34-477f-875f-6c0bb60fddbf
4,2026-07-29,الأربعاء,الفترة الصباحية,4,شمس الجزيرة للأدوية,B,2bbc10ad-5d64-44be-bc89-330be06df0a0
4,2026-07-29,الأربعاء,الفترة الصباحية,5,شركة حضرموت الوادي,B,8091e163-c48b-4ff4-a07c-9e360edbcb2a
4,2026-07-29,الأربعاء,الفترة الصباحية,6,ارض الريادة للاستيراد,A,cbf1f7ab-c9e9-4023-9fca-7bc6da62d3a2
4,2026-07-29,الأربعاء,الفترة الصباحية,7,مؤسسة محمد الشاعر,B,41cadb57-8d07-4f9e-9039-e97ed6e5b5bf
4,2026-07-29,الأربعاء,الفترة المسائية,1,شركة العابد العابد,A,7f1bc6d5-5107-4c89-85b4-d3f2f3d3f664
4,2026-07-29,الأربعاء,الفترة المسائية,2,شركة الرباط فارما,B,d8d310f3-af76-4cea-b117-fda9ec83f125
4,2026-07-29,الأربعاء,الفترة المسائية,3,شركة غرناطة المحدودة,B,ac0490b8-3c8a-40a7-8e82-3d793c728f0b
4,2026-07-29,الأربعاء,الفترة المسائية,4,مخازن بلقيس - القسم الأوروبي,A,e7b1ec22-8ed8-4e7e-b69a-b16802dc618d
4,2026-07-29,الأربعاء,الفترة المسائية,5,مجموعة النمر للتجارة,B,5ed2cd33-fb03-4e55-8093-f01248c4b707
4,2026-07-29,الأربعاء,الفترة المسائية,6,وكالة ثمار الوفاء للأدوية,B,e1082a9d-8459-4635-8728-27dbabfe3fd3
4,2026-07-29,الأربعاء,الفترة المسائية,7,مياس فارما للتجارة,B,dd0f15df-1e01-4cde-b6a0-fe53afd09d18
4,2026-07-29,الأربعاء,الفترة المسائية,8,المعالي ميديكال,B,3c635148-2e8c-49bf-9b71-70b533607584
