week,date,day,shift,slot,legacy_slot,company,tier,company_id
1,2026-07-04,السبت,الفترة الصباحية,1,1,ابو راغب فارما,B,c9fee56c-eb3d-41f6-bdf2-1766d2a85568
2,2026-07-11,السبت,الفترة الصباحية,1,1,ابو راغب فارما,B,c9fee56c-eb3d-41f6-bdf2-1766d2a85568
3,2026-07-18,السبت,الفترة الصباحية,1,1,ابو راغب فارما,B,c9fee56c-eb3d-41f6-bdf2-1766d2a85568
4,2026-07-25,السبت,الفترة الصباحية,1,1,ابو راغب فارما,B,c9fee56c-eb3d-41f6-bdf2-1766d2a85568
1,2026-07-04,السبت,الفترة الصباحية,2,2,الدهبلي للادوية,B,be7c1034-c954-444f-9a2c-0e252347cc80
2,2026-07-11,السبت,الفترة الصباحية,2,2,الدهبلي للادوية,B,be7c1034-c954-444f-9a2c-0e252347cc80
3,2026-07-18,السبت,الفترة الصباحية,2,2,الدهبلي للادوية,B,be7c1034-c954-444f-9a2c-0e252347cc80
4,2026-07-25,السبت,الفترة الصباحية,2,2,الدهبلي للادوية,B,be7c1034-c954-444f-9a2c-0e252347cc80
1,2026-07-04,السبت,الفترة الصباحية,3,3,العيفري للأدوية,B,0f32cd42-330e-4595-8525-2e74da51d544
2,2026-07-11,السبت,الفترة الصباحية,3,3,العيفري للأدوية,B,0f32cd42-330e-4595-8525-2e74da51d544
3,2026-07-18,السبت,الفترة الصباحية,3,3,العيفري للأدوية,B,0f32cd42-330e-4595-8525-2e74da51d544
4,2026-07-25,السبت,الفترة الصباحية,3,3,العيفري للأدوية,B,0f32cd42-330e-4595-8525-2e74da51d544
1,2026-07-04,السبت,الفترة الصباحية,4,4,النبيل للأدوية,B,aa849e40-dabd-458d-8477-d7b9c9fadfe8
2,2026-07-11,السبت,الفترة الصباحية,4,4,النبيل للأدوية,B,aa849e40-dabd-458d-8477-d7b9c9fadfe8
3,2026-07-18,السبت,الفترة الصباحية,4,4,النبيل للأدوية,B,aa849e40-dabd-458d-8477-d7b9c9fadfe8
4,2026-07-25,السبت,الفترة الصباحية,4,4,النبيل للأدوية,B,aa849e40-dabd-458d-8477-d7b9c9fadfe8
1,2026-07-04,السبت,الفترة الصباحية,5,5,تيبكال ميديكال,B,631d85ab-115e-4384-b461-9356c8c12e20
2,2026-07-11,السبت,الفترة الصباحية,5,5,تيبكال ميديكال,B,631d85ab-115e-4384-b461-9356c8c12e20
3,2026-07-18,السبت,الفترة الصباحية,5,5,تيبكال ميديكال,B,631d85ab-115e-4384-b461-9356c8c12e20
4,2026-07-25,السبت,الفترة الصباحية,5,5,تيبكال ميديكال,B,631d85ab-115e-4384-b461-9356c8c12e20
1,2026-07-04,السبت,الفترة الصباحية,6,6,سمارتي للأدوية,B,28ba8329-0164-4e71-8fa5-0c0c3325a581
2,2026-07-11,السبت,الفترة الصباحية,6,6,سمارتي للأدوية,B,28ba8329-0164-4e71-8fa5-0c0c3325a581
3,2026-07-18,السبت,الفترة الصباحية,6,6,سمارتي للأدوية,B,28ba8329-0164-4e71-8fa5-0c0c3325a581
4,2026-07-25,السبت,الفترة الصباحية,6,6,سمارتي للأدوية,B,28ba8329-0164-4e71-8fa5-0c0c3325a581
1,2026-07-04,السبت,الفترة الصباحية,7,7,شركة المحضار اخوان,B,3b690b4b-4428-4b72-b291-7dd50f75b0ac
2,2026-07-11,السبت,الفترة الصباحية,7,7,شركة المحضار اخوان,B,3b690b4b-4428-4b72-b291-7dd50f75b0ac
3,2026-07-18,السبت,الفترة الصباحية,7,7,شركة المحضار اخوان,B,3b690b4b-4428-4b72-b291-7dd50f75b0ac
4,2026-07-25,السبت,الفترة الصباحية,7,7,شركة المحضار اخوان,B,3b690b4b-4428-4b72-b291-7dd50f75b0ac
1,2026-07-04,السبت,الفترة الصباحية,8,8,شركة لوتن للأدوية,B,9ce0819d-2d61-4781-84cc-64d6da2d5499
2,2026-07-11,السبت,الفترة الصباحية,8,8,شركة لوتن للأدوية,B,9ce0819d-2d61-4781-84cc-64d6da2d5499
3,2026-07-18,السبت,الفترة الصباحية,8,8,شركة لوتن للأدوية,B,9ce0819d-2d61-4781-84cc-64d6da2d5499
4,2026-07-25,السبت,الفترة الصباحية,8,8,شركة لوتن للأدوية,B,9ce0819d-2d61-4781-84cc-64d6da2d5499
1,2026-07-04,السبت,الفترة الصباحية,9,9,مؤسسة ابن القادري,B,2e019d4d-9b0f-43cb-afa3-74df406f88a3
2,2026-07-11,السبت,الفترة الصباحية,9,9,مؤسسة ابن القادري,B,2e019d4d-9b0f-43cb-afa3-74df406f88a3
3,2026-07-18,السبت,الفترة الصباحية,9,9,مؤسسة ابن القادري,B,2e019d4d-9b0f-43cb-afa3-74df406f88a3
4,2026-07-25,السبت,الفترة الصباحية,9,9,مؤسسة ابن القادري,B,2e019d4d-9b0f-43cb-afa3-74df406f88a3
1,2026-07-04,السبت,الفترة الصباحية,10,10,مؤسسة محمد عبد الفتاح,B,1bac3b44-32b2-46a3-a3f2-8ac52a15b560
2,2026-07-11,السبت,الفترة الصباحية,10,10,مؤسسة محمد عبد الفتاح,B,1bac3b44-32b2-46a3-a3f2-8ac52a15b560
3,2026-07-18,السبت,الفترة الصباحية,10,10,مؤسسة محمد عبد الفتاح,B,1bac3b44-32b2-46a3-a3f2-8ac52a15b560
4,2026-07-25,السبت,الفترة الصباحية,10,10,مؤسسة محمد عبد الفتاح,B,1bac3b44-32b2-46a3-a3f2-8ac52a15b560
1,2026-07-04,السبت,الفترة الصباحية,11,1,مخازن الزبيدي للأدوية,B,80673b71-d60a-455c-8fc4-3d7ed9e35d47
2,2026-07-11,السبت,الفترة الصباحية,11,1,مخازن الزبيدي للأدوية,B,80673b71-d60a-455c-8fc4-3d7ed9e35d47
3,2026-07-18,السبت,الفترة الصباحية,11,1,مخازن الزبيدي للأدوية,B,80673b71-d60a-455c-8fc4-3d7ed9e35d47
4,2026-07-25,السبت,الفترة الصباحية,11,1,مخازن الزبيدي للأدوية,B,80673b71-d60a-455c-8fc4-3d7ed9e35d47
1,2026-07-04,السبت,الفترة الصباحية,12,2,هيلث كير,UNRATED,345b1e84-556f-4c7f-b7fa-e4a1d75d2596
2,2026-07-11,السبت,الفترة الصباحية,12,2,هيلث كير,UNRATED,345b1e84-556f-4c7f-b7fa-e4a1d75d2596
3,2026-07-18,السبت,الفترة الصباحية,12,2,هيلث كير,UNRATED,345b1e84-556f-4c7f-b7fa-e4a1d75d2596
4,2026-07-25,السبت,الفترة الصباحية,12,2,هيلث كير,UNRATED,345b1e84-556f-4c7f-b7fa-e4a1d75d2596
1,2026-07-04,السبت,الفترة المسائية,1,1,الأسدين فارما,B,c0fec8cc-bcf7-45c8-97e1-f6b9a167d21d
2,2026-07-11,السبت,الفترة المسائية,1,1,الأسدين فارما,B,c0fec8cc-bcf7-45c8-97e1-f6b9a167d21d
3,2026-07-18,السبت,الفترة المسائية,1,1,الأسدين فارما,B,c0fec8cc-bcf7-45c8-97e1-f6b9a167d21d
4,2026-07-25,السبت,الفترة المسائية,1,1,الأسدين فارما,B,c0fec8cc-bcf7-45c8-97e1-f6b9a167d21d
1,2026-07-04,السبت,الفترة المسائية,2,2,الشركة العالمية - قطاع فارما,A,39aac3a1-6ae4-4f6d-a279-4fb92352fd7c
2,2026-07-11,السبت,الفترة المسائية,2,2,الشركة العالمية - قطاع فارما,A,39aac3a1-6ae4-4f6d-a279-4fb92352fd7c
3,2026-07-18,السبت,الفترة المسائية,2,2,الشركة العالمية - قطاع فارما,A,39aac3a1-6ae4-4f6d-a279-4fb92352fd7c
4,2026-07-25,السبت,الفترة المسائية,2,2,الشركة العالمية - قطاع فارما,A,39aac3a1-6ae4-4f6d-a279-4fb92352fd7c
1,2026-07-04,السبت,الفترة المسائية,3,3,المؤسسة المتحدة للأدوية,B,b029efb0-9054-4747-8f2d-65fcd3ca6ea1
2,2026-07-11,السبت,الفترة المسائية,3,3,المؤسسة المتحدة للأدوية,B,b029efb0-9054-4747-8f2d-65fcd3ca6ea1
3,2026-07-18,السبت,الفترة المسائية,3,3,المؤسسة المتحدة للأدوية,B,b029efb0-9054-4747-8f2d-65fcd3ca6ea1
4,2026-07-25,السبت,الفترة المسائية,3,3,المؤسسة المتحدة للأدوية,B,b029efb0-9054-4747-8f2d-65fcd3ca6ea1
1,2026-07-04,السبت,الفترة المسائية,4,4,اي في فارما للأدوية,B,ed9717ea-fb79-45e5-adbf-91d0815ed6e8
2,2026-07-11,السبت,الفترة المسائية,4,4,اي في فارما للأدوية,B,ed9717ea-fb79-45e5-adbf-91d0815ed6e8
3,2026-07-18,السبت,الفترة المسائية,4,4,اي في فارما للأدوية,B,ed9717ea-fb79-45e5-adbf-91d0815ed6e8
4,2026-07-25,السبت,الفترة المسائية,4,4,اي في فارما للأدوية,B,ed9717ea-fb79-45e5-adbf-91d0815ed6e8
1,2026-07-04,السبت,الفترة المسائية,5,5,ريدان بن عباس,B,af08bf77-1ffc-451f-81b9-2e827655e284
2,2026-07-11,السبت,الفترة المسائية,5,5,ريدان بن عباس,B,af08bf77-1ffc-451f-81b9-2e827655e284
3,2026-07-18,السبت,الفترة المسائية,5,5,ريدان بن عباس,B,af08bf77-1ffc-451f-81b9-2e827655e284
4,2026-07-25,السبت,الفترة المسائية,5,5,ريدان بن عباس,B,af08bf77-1ffc-451f-81b9-2e827655e284
1,2026-07-04,السبت,الفترة المسائية,6,6,شركة الرشيد للأدوية,A,3226e87e-e9c9-44ab-aed8-5617c1add35c
2,2026-07-11,السبت,الفترة المسائية,6,6,شركة الرشيد للأدوية,A,3226e87e-e9c9-44ab-aed8-5617c1add35c
3,2026-07-18,السبت,الفترة المسائية,6,6,شركة الرشيد للأدوية,A,3226e87e-e9c9-44ab-aed8-5617c1add35c
4,2026-07-25,السبت,الفترة المسائية,6,6,شركة الرشيد للأدوية,A,3226e87e-e9c9-44ab-aed8-5617c1add35c
1,2026-07-04,السبت,الفترة المسائية,7,7,شركة حضرموت الوادي,A,eb9f0e8f-968f-443c-8a57-add3630cfd8b
2,2026-07-11,السبت,الفترة المسائية,7,7,شركة حضرموت الوادي,A,eb9f0e8f-968f-443c-8a57-add3630cfd8b
3,2026-07-18,السبت,الفترة المسائية,7,7,شركة حضرموت الوادي,A,eb9f0e8f-968f-443c-8a57-add3630cfd8b
4,2026-07-25,السبت,الفترة المسائية,7,7,شركة حضرموت الوادي,A,eb9f0e8f-968f-443c-8a57-add3630cfd8b
1,2026-07-04,السبت,الفترة المسائية,8,8,فارما المحدودة / ناتكو,B,43b00a47-698d-49d0-aa07-c9dc6d7031f9
2,2026-07-11,السبت,الفترة المسائية,8,8,فارما المحدودة / ناتكو,B,43b00a47-698d-49d0-aa07-c9dc6d7031f9
3,2026-07-18,السبت,الفترة المسائية,8,8,فارما المحدودة / ناتكو,B,43b00a47-698d-49d0-aa07-c9dc6d7031f9
4,2026-07-25,السبت,الفترة المسائية,8,8,فارما المحدودة / ناتكو,B,43b00a47-698d-49d0-aa07-c9dc6d7031f9
1,2026-07-04,السبت,الفترة المسائية,9,9,مؤسسة المداني,B,8cba4ec5-d955-4aab-bae4-6dec82a773b3
2,2026-07-11,السبت,الفترة المسائية,9,9,مؤسسة المداني,B,8cba4ec5-d955-4aab-bae4-6dec82a773b3
3,2026-07-18,السبت,الفترة المسائية,9,9,مؤسسة المداني,B,8cba4ec5-d955-4aab-bae4-6dec82a773b3
4,2026-07-25,السبت,الفترة المسائية,9,9,مؤسسة المداني,B,8cba4ec5-d955-4aab-bae4-6dec82a773b3
1,2026-07-04,السبت,الفترة المسائية,10,10,محدب ميديكال,B,3495a8da-f19c-49fc-98e2-fe18c12fc1fa
2,2026-07-11,السبت,الفترة المسائية,10,10,محدب ميديكال,B,3495a8da-f19c-49fc-98e2-fe18c12fc1fa
3,2026-07-18,السبت,الفترة المسائية,10,10,محدب ميديكال,B,3495a8da-f19c-49fc-98e2-fe18c12fc1fa
4,2026-07-25,السبت,الفترة المسائية,10,10,محدب ميديكال,B,3495a8da-f19c-49fc-98e2-fe18c12fc1fa
1,2026-07-04,السبت,الفترة المسائية,11,1,مياس فارما للتجارة,A,a06217f3-d2c9-49b8-a8d1-1df7554d3eb0
2,2026-07-11,السبت,الفترة المسائية,11,1,مياس فارما للتجارة,A,a06217f3-d2c9-49b8-a8d1-1df7554d3eb0
3,2026-07-18,السبت,الفترة المسائية,11,1,مياس فارما للتجارة,A,a06217f3-d2c9-49b8-a8d1-1df7554d3eb0
4,2026-07-25,السبت,الفترة المسائية,11,1,مياس فارما للتجارة,A,a06217f3-d2c9-49b8-a8d1-1df7554d3eb0
1,2026-07-05,الأحد,الفترة الصباحية,1,1,احمد فارما,B,3480a7d3-17a5-4bcb-b10f-6cb6c9e2675e
2,2026-07-12,الأحد,الفترة الصباحية,1,1,احمد فارما,B,3480a7d3-17a5-4bcb-b10f-6cb6c9e2675e
3,2026-07-19,الأحد,الفترة الصباحية,1,1,احمد فارما,B,3480a7d3-17a5-4bcb-b10f-6cb6c9e2675e
4,2026-07-26,الأحد,الفترة الصباحية,1,1,احمد فارما,B,3480a7d3-17a5-4bcb-b10f-6cb6c9e2675e
1,2026-07-05,الأحد,الفترة الصباحية,2,2,الدواء ميديكال,B,77563f40-13d3-4837-917d-a6fa8e6f1054
2,2026-07-12,الأحد,الفترة الصباحية,2,2,الدواء ميديكال,B,77563f40-13d3-4837-917d-a6fa8e6f1054
3,2026-07-19,الأحد,الفترة الصباحية,2,2,الدواء ميديكال,B,77563f40-13d3-4837-917d-a6fa8e6f1054
4,2026-07-26,الأحد,الفترة الصباحية,2,2,الدواء ميديكال,B,77563f40-13d3-4837-917d-a6fa8e6f1054
1,2026-07-05,الأحد,الفترة الصباحية,3,3,الغزالي للأدوية,B,dd58cf80-23d8-49ff-bedb-9dc62f4ebeee
2,2026-07-12,الأحد,الفترة الصباحية,3,3,الغزالي للأدوية,B,dd58cf80-23d8-49ff-bedb-9dc62f4ebeee
3,2026-07-19,الأحد,الفترة الصباحية,3,3,الغزالي للأدوية,B,dd58cf80-23d8-49ff-bedb-9dc62f4ebeee
4,2026-07-26,الأحد,الفترة الصباحية,3,3,الغزالي للأدوية,B,dd58cf80-23d8-49ff-bedb-9dc62f4ebeee
1,2026-07-05,الأحد,الفترة الصباحية,4,4,النور جميع الاقسام,A,61bec5ad-5030-48d8-b121-4164f1fc2dad
2,2026-07-12,الأحد,الفترة الصباحية,4,4,النور جميع الاقسام,A,61bec5ad-5030-48d8-b121-4164f1fc2dad
3,2026-07-19,الأحد,الفترة الصباحية,4,4,النور جميع الاقسام,A,61bec5ad-5030-48d8-b121-4164f1fc2dad
4,2026-07-26,الأحد,الفترة الصباحية,4,4,النور جميع الاقسام,A,61bec5ad-5030-48d8-b121-4164f1fc2dad
1,2026-07-05,الأحد,الفترة الصباحية,5,5,جوبان فارما,B,b70d8eeb-13fb-40bb-9b9e-b1ea5fedc547
2,2026-07-12,الأحد,الفترة الصباحية,5,5,جوبان فارما,B,b70d8eeb-13fb-40bb-9b9e-b1ea5fedc547
3,2026-07-19,الأحد,الفترة الصباحية,5,5,جوبان فارما,B,b70d8eeb-13fb-40bb-9b9e-b1ea5fedc547
4,2026-07-26,الأحد,الفترة الصباحية,5,5,جوبان فارما,B,b70d8eeb-13fb-40bb-9b9e-b1ea5fedc547
1,2026-07-05,الأحد,الفترة الصباحية,6,6,شركة إنما فارما,A,49ccf94c-6322-42fa-9129-4725fb3d8d32
2,2026-07-12,الأحد,الفترة الصباحية,6,6,شركة إنما فارما,A,49ccf94c-6322-42fa-9129-4725fb3d8d32
3,2026-07-19,الأحد,الفترة الصباحية,6,6,شركة إنما فارما,A,49ccf94c-6322-42fa-9129-4725fb3d8d32
4,2026-07-26,الأحد,الفترة الصباحية,6,6,شركة إنما فارما,A,49ccf94c-6322-42fa-9129-4725fb3d8d32
1,2026-07-05,الأحد,الفترة الصباحية,7,7,شركة الملك للتجارة,B,fafdd7c9-b826-42e2-bd11-bfc83aa66b7e
2,2026-07-12,الأحد,الفترة الصباحية,7,7,شركة الملك للتجارة,B,fafdd7c9-b826-42e2-bd11-bfc83aa66b7e
3,2026-07-19,الأحد,الفترة الصباحية,7,7,شركة الملك للتجارة,B,fafdd7c9-b826-42e2-bd11-bfc83aa66b7e
4,2026-07-26,الأحد,الفترة الصباحية,7,7,شركة الملك للتجارة,B,fafdd7c9-b826-42e2-bd11-bfc83aa66b7e
1,2026-07-05,الأحد,الفترة الصباحية,8,8,شركة نماء فارما,B,31444e64-07ca-4d62-b9ec-bb656ab98182
2,2026-07-12,الأحد,الفترة الصباحية,8,8,شركة نماء فارما,B,31444e64-07ca-4d62-b9ec-bb656ab98182
3,2026-07-19,الأحد,الفترة الصباحية,8,8,شركة نماء فارما,B,31444e64-07ca-4d62-b9ec-bb656ab98182
4,2026-07-26,الأحد,الفترة الصباحية,8,8,شركة نماء فارما,B,31444e64-07ca-4d62-b9ec-bb656ab98182
1,2026-07-05,الأحد,الفترة الصباحية,9,9,مؤسسة الخليج العربي,B,6ef88a72-365c-4619-ac3f-1eb0d4afc4f9
2,2026-07-12,الأحد,الفترة الصباحية,9,9,مؤسسة الخليج العربي,B,6ef88a72-365c-4619-ac3f-1eb0d4afc4f9
3,2026-07-19,الأحد,الفترة الصباحية,9,9,مؤسسة الخليج العربي,B,6ef88a72-365c-4619-ac3f-1eb0d4afc4f9
4,2026-07-26,الأحد,الفترة الصباحية,9,9,مؤسسة الخليج العربي,B,6ef88a72-365c-4619-ac3f-1eb0d4afc4f9
1,2026-07-05,الأحد,الفترة الصباحية,10,10,مؤسسة وادي بن علي,B,d2531f6d-6947-4674-a18b-c0e91ed07dd7
2,2026-07-12,الأحد,الفترة الصباحية,10,10,مؤسسة وادي بن علي,B,d2531f6d-6947-4674-a18b-c0e91ed07dd7
3,2026-07-19,الأحد,الفترة الصباحية,10,10,مؤسسة وادي بن علي,B,d2531f6d-6947-4674-a18b-c0e91ed07dd7
4,2026-07-26,الأحد,الفترة الصباحية,10,10,مؤسسة وادي بن علي,B,d2531f6d-6947-4674-a18b-c0e91ed07dd7
1,2026-07-05,الأحد,الفترة الصباحية,11,1,مخازن بلقيس جميع الاقسام,A,4473283d-f590-4ecf-9e8e-ce2a3273acaf
2,2026-07-12,الأحد,الفترة الصباحية,11,1,مخازن بلقيس جميع الاقسام,A,4473283d-f590-4ecf-9e8e-ce2a3273acaf
3,2026-07-19,الأحد,الفترة الصباحية,11,1,مخازن بلقيس جميع الاقسام,A,4473283d-f590-4ecf-9e8e-ce2a3273acaf
4,2026-07-26,الأحد,الفترة الصباحية,11,1,مخازن بلقيس جميع الاقسام,A,4473283d-f590-4ecf-9e8e-ce2a3273acaf
1,2026-07-05,الأحد,الفترة الصباحية,12,2,هيلثي فارما,UNRATED,5bcb277a-be1a-4add-9331-cabe3532913c
2,2026-07-12,الأحد,الفترة الصباحية,12,2,هيلثي فارما,UNRATED,5bcb277a-be1a-4add-9331-cabe3532913c
3,2026-07-19,الأحد,الفترة الصباحية,12,2,هيلثي فارما,UNRATED,5bcb277a-be1a-4add-9331-cabe3532913c
4,2026-07-26,الأحد,الفترة الصباحية,12,2,هيلثي فارما,UNRATED,5bcb277a-be1a-4add-9331-cabe3532913c
1,2026-07-05,الأحد,الفترة المسائية,1,1,التخصصية فارما,B,9d1092e4-b222-4c1b-aba5-fa26728c78d6
2,2026-07-12,الأحد,الفترة المسائية,1,1,التخصصية فارما,B,9d1092e4-b222-4c1b-aba5-fa26728c78d6
3,2026-07-19,الأحد,الفترة المسائية,1,1,التخصصية فارما,B,9d1092e4-b222-4c1b-aba5-fa26728c78d6
4,2026-07-26,الأحد,الفترة المسائية,1,1,التخصصية فارما,B,9d1092e4-b222-4c1b-aba5-fa26728c78d6
1,2026-07-05,الأحد,الفترة المسائية,2,2,الشركة العربية (ABC),A,ed714e7c-0b14-4177-8956-7dc7541ae8e5
2,2026-07-12,الأحد,الفترة المسائية,2,2,الشركة العربية (ABC),A,ed714e7c-0b14-4177-8956-7dc7541ae8e5
3,2026-07-19,الأحد,الفترة المسائية,2,2,الشركة العربية (ABC),A,ed714e7c-0b14-4177-8956-7dc7541ae8e5
4,2026-07-26,الأحد,الفترة المسائية,2,2,الشركة العربية (ABC),A,ed714e7c-0b14-4177-8956-7dc7541ae8e5
1,2026-07-05,الأحد,الفترة المسائية,3,3,المؤسسة المتقدمة - بيزلين,B,a2fb7616-320d-4aa8-8902-2025184379b0
2,2026-07-12,الأحد,الفترة المسائية,3,3,المؤسسة المتقدمة - بيزلين,B,a2fb7616-320d-4aa8-8902-2025184379b0
3,2026-07-19,الأحد,الفترة المسائية,3,3,المؤسسة المتقدمة - بيزلين,B,a2fb7616-320d-4aa8-8902-2025184379b0
4,2026-07-26,الأحد,الفترة المسائية,3,3,المؤسسة المتقدمة - بيزلين,B,a2fb7616-320d-4aa8-8902-2025184379b0
1,2026-07-05,الأحد,الفترة المسائية,4,4,بريميم كير للأدوية,B,eb93c4e2-0c8e-4f00-b769-17f66fd07a8b
2,2026-07-12,الأحد,الفترة المسائية,4,4,بريميم كير للأدوية,B,eb93c4e2-0c8e-4f00-b769-17f66fd07a8b
3,2026-07-19,الأحد,الفترة المسائية,4,4,بريميم كير للأدوية,B,eb93c4e2-0c8e-4f00-b769-17f66fd07a8b
4,2026-07-26,الأحد,الفترة المسائية,4,4,بريميم كير للأدوية,B,eb93c4e2-0c8e-4f00-b769-17f66fd07a8b
1,2026-07-05,الأحد,الفترة المسائية,5,5,ريمان فارما,A,29eb7d64-e0c0-4e13-9648-a8ba856862f8
2,2026-07-12,الأحد,الفترة المسائية,5,5,ريمان فارما,A,29eb7d64-e0c0-4e13-9648-a8ba856862f8
3,2026-07-19,الأحد,الفترة المسائية,5,5,ريمان فارما,A,29eb7d64-e0c0-4e13-9648-a8ba856862f8
4,2026-07-26,الأحد,الفترة المسائية,5,5,ريمان فارما,A,29eb7d64-e0c0-4e13-9648-a8ba856862f8
1,2026-07-05,الأحد,الفترة المسائية,6,6,شركة الشرق للأدوية,B,825e0302-4def-42f8-965e-e523a0ddba05
2,2026-07-12,الأحد,الفترة المسائية,6,6,شركة الشرق للأدوية,B,825e0302-4def-42f8-965e-e523a0ddba05
3,2026-07-19,الأحد,الفترة المسائية,6,6,شركة الشرق للأدوية,B,825e0302-4def-42f8-965e-e523a0ddba05
4,2026-07-26,الأحد,الفترة المسائية,6,6,شركة الشرق للأدوية,B,825e0302-4def-42f8-965e-e523a0ddba05
1,2026-07-05,الأحد,الفترة المسائية,7,7,شركة سوكر للأدوية,B,1c01fbd7-312d-4f52-b4ec-60451f432d4b
2,2026-07-12,الأحد,الفترة المسائية,7,7,شركة سوكر للأدوية,B,1c01fbd7-312d-4f52-b4ec-60451f432d4b
3,2026-07-19,الأحد,الفترة المسائية,7,7,شركة سوكر للأدوية,B,1c01fbd7-312d-4f52-b4ec-60451f432d4b
4,2026-07-26,الأحد,الفترة المسائية,7,7,شركة سوكر للأدوية,B,1c01fbd7-312d-4f52-b4ec-60451f432d4b
1,2026-07-05,الأحد,الفترة المسائية,8,8,فاست برو هيلث,B,028fefea-4154-418b-b028-512dc1895f70
2,2026-07-12,الأحد,الفترة المسائية,8,8,فاست برو هيلث,B,028fefea-4154-418b-b028-512dc1895f70
3,2026-07-19,الأحد,الفترة المسائية,8,8,فاست برو هيلث,B,028fefea-4154-418b-b028-512dc1895f70
4,2026-07-26,الأحد,الفترة المسائية,8,8,فاست برو هيلث,B,028fefea-4154-418b-b028-512dc1895f70
1,2026-07-05,الأحد,الفترة المسائية,9,9,مؤسسة المدينة,B,7e66ad01-7271-4d4c-96ba-e97dc31d4ecb
2,2026-07-12,الأحد,الفترة المسائية,9,9,مؤسسة المدينة,B,7e66ad01-7271-4d4c-96ba-e97dc31d4ecb
3,2026-07-19,الأحد,الفترة المسائية,9,9,مؤسسة المدينة,B,7e66ad01-7271-4d4c-96ba-e97dc31d4ecb
4,2026-07-26,الأحد,الفترة المسائية,9,9,مؤسسة المدينة,B,7e66ad01-7271-4d4c-96ba-e97dc31d4ecb
1,2026-07-05,الأحد,الفترة المسائية,10,10,محلات ابو جرير,B,67ecd5e9-f9a4-4165-96ca-0469241664c7
2,2026-07-12,الأحد,الفترة المسائية,10,10,محلات ابو جرير,B,67ecd5e9-f9a4-4165-96ca-0469241664c7
3,2026-07-19,الأحد,الفترة المسائية,10,10,محلات ابو جرير,B,67ecd5e9-f9a4-4165-96ca-0469241664c7
4,2026-07-26,الأحد,الفترة المسائية,10,10,محلات ابو جرير,B,67ecd5e9-f9a4-4165-96ca-0469241664c7
1,2026-07-05,الأحد,الفترة المسائية,11,1,ميد واي للأدوية,B,ad1c0d8e-f601-483e-937a-fee2da6129a2
2,2026-07-12,الأحد,الفترة المسائية,11,1,ميد واي للأدوية,B,ad1c0d8e-f601-483e-937a-fee2da6129a2
3,2026-07-19,الأحد,الفترة المسائية,11,1,ميد واي للأدوية,B,ad1c0d8e-f601-483e-937a-fee2da6129a2
4,2026-07-26,الأحد,الفترة المسائية,11,1,ميد واي للأدوية,B,ad1c0d8e-f601-483e-937a-fee2da6129a2
1,2026-07-06,الإثنين,الفترة الصباحية,1,1,ادفانس كير للأدوية,B,52591ea0-9a39-4754-968c-92ab918dad51
2,2026-07-13,الإثنين,الفترة الصباحية,1,1,ادفانس كير للأدوية,B,52591ea0-9a39-4754-968c-92ab918dad51
3,2026-07-20,الإثنين,الفترة الصباحية,1,1,ادفانس كير للأدوية,B,52591ea0-9a39-4754-968c-92ab918dad51
4,2026-07-27,الإثنين,الفترة الصباحية,1,1,ادفانس كير للأدوية,B,52591ea0-9a39-4754-968c-92ab918dad51
1,2026-07-06,الإثنين,الفترة الصباحية,2,2,الزغير فارما,B,f2da6dea-cca8-4d17-8211-6acf54284086
2,2026-07-13,الإثنين,الفترة الصباحية,2,2,الزغير فارما,B,f2da6dea-cca8-4d17-8211-6acf54284086
3,2026-07-20,الإثنين,الفترة الصباحية,2,2,الزغير فارما,B,f2da6dea-cca8-4d17-8211-6acf54284086
4,2026-07-27,الإثنين,الفترة الصباحية,2,2,الزغير فارما,B,f2da6dea-cca8-4d17-8211-6acf54284086
1,2026-07-06,الإثنين,الفترة الصباحية,3,3,الفهد فارما,B,bbbb58dc-c35b-4063-bfaf-8d982b1d7fa6
2,2026-07-13,الإثنين,الفترة الصباحية,3,3,الفهد فارما,B,bbbb58dc-c35b-4063-bfaf-8d982b1d7fa6
3,2026-07-20,الإثنين,الفترة الصباحية,3,3,الفهد فارما,B,bbbb58dc-c35b-4063-bfaf-8d982b1d7fa6
4,2026-07-27,الإثنين,الفترة الصباحية,3,3,الفهد فارما,B,bbbb58dc-c35b-4063-bfaf-8d982b1d7fa6
1,2026-07-06,الإثنين,الفترة الصباحية,4,4,الوطنية للأدوية,B,b2ab69ae-0e70-42f7-90d7-2e36f66ecd83
2,2026-07-13,الإثنين,الفترة الصباحية,4,4,الوطنية للأدوية,B,b2ab69ae-0e70-42f7-90d7-2e36f66ecd83
3,2026-07-20,الإثنين,الفترة الصباحية,4,4,الوطنية للأدوية,B,b2ab69ae-0e70-42f7-90d7-2e36f66ecd83
4,2026-07-27,الإثنين,الفترة الصباحية,4,4,الوطنية للأدوية,B,b2ab69ae-0e70-42f7-90d7-2e36f66ecd83
1,2026-07-06,الإثنين,الفترة الصباحية,5,5,ذا بست كير للأدوية,B,c0066e69-75db-407b-9f6c-69925b35c7f7
2,2026-07-13,الإثنين,الفترة الصباحية,5,5,ذا بست كير للأدوية,B,c0066e69-75db-407b-9f6c-69925b35c7f7
3,2026-07-20,الإثنين,الفترة الصباحية,5,5,ذا بست كير للأدوية,B,c0066e69-75db-407b-9f6c-69925b35c7f7
4,2026-07-27,الإثنين,الفترة الصباحية,5,5,ذا بست كير للأدوية,B,c0066e69-75db-407b-9f6c-69925b35c7f7
1,2026-07-06,الإثنين,الفترة الصباحية,6,6,شركة ارض الجنتين جميع الاقسام,B,549fc942-3bd6-446b-9014-5ef590784979
2,2026-07-13,الإثنين,الفترة الصباحية,6,6,شركة ارض الجنتين جميع الاقسام,B,549fc942-3bd6-446b-9014-5ef590784979
3,2026-07-20,الإثنين,الفترة الصباحية,6,6,شركة ارض الجنتين جميع الاقسام,B,549fc942-3bd6-446b-9014-5ef590784979
4,2026-07-27,الإثنين,الفترة الصباحية,6,6,شركة ارض الجنتين جميع الاقسام,B,549fc942-3bd6-446b-9014-5ef590784979
1,2026-07-06,الإثنين,الفترة الصباحية,7,7,شركة النهدي الطبية,A,143f9fae-1386-41cc-b33e-152279097f3b
2,2026-07-13,الإثنين,الفترة الصباحية,7,7,شركة النهدي الطبية,A,143f9fae-1386-41cc-b33e-152279097f3b
3,2026-07-20,الإثنين,الفترة الصباحية,7,7,شركة النهدي الطبية,A,143f9fae-1386-41cc-b33e-152279097f3b
4,2026-07-27,الإثنين,الفترة الصباحية,7,7,شركة النهدي الطبية,A,143f9fae-1386-41cc-b33e-152279097f3b
1,2026-07-06,الإثنين,الفترة الصباحية,8,8,شمس الجزيرة للأدوية,B,0706e7e9-c7c5-49d0-b7f0-17878c7f53c7
2,2026-07-13,الإثنين,الفترة الصباحية,8,8,شمس الجزيرة للأدوية,B,0706e7e9-c7c5-49d0-b7f0-17878c7f53c7
3,2026-07-20,الإثنين,الفترة الصباحية,8,8,شمس الجزيرة للأدوية,B,0706e7e9-c7c5-49d0-b7f0-17878c7f53c7
4,2026-07-27,الإثنين,الفترة الصباحية,8,8,شمس الجزيرة للأدوية,B,0706e7e9-c7c5-49d0-b7f0-17878c7f53c7
1,2026-07-06,الإثنين,الفترة الصباحية,9,9,مؤسسة الرمال للأدوية,B,2a1ed6cc-6911-491c-a260-57733c8ed1dc
2,2026-07-13,الإثنين,الفترة الصباحية,9,9,مؤسسة الرمال للأدوية,B,2a1ed6cc-6911-491c-a260-57733c8ed1dc
3,2026-07-20,الإثنين,الفترة الصباحية,9,9,مؤسسة الرمال للأدوية,B,2a1ed6cc-6911-491c-a260-57733c8ed1dc
4,2026-07-27,الإثنين,الفترة الصباحية,9,9,مؤسسة الرمال للأدوية,B,2a1ed6cc-6911-491c-a260-57733c8ed1dc
1,2026-07-06,الإثنين,الفترة الصباحية,10,10,ماف فارما للصناعات,B,96a51c43-f628-4447-aced-1c94f9313fa3
2,2026-07-13,الإثنين,الفترة الصباحية,10,10,ماف فارما للصناعات,B,96a51c43-f628-4447-aced-1c94f9313fa3
3,2026-07-20,الإثنين,الفترة الصباحية,10,10,ماف فارما للصناعات,B,96a51c43-f628-4447-aced-1c94f9313fa3
4,2026-07-27,الإثنين,الفترة الصباحية,10,10,ماف فارما للصناعات,B,96a51c43-f628-4447-aced-1c94f9313fa3
1,2026-07-06,الإثنين,الفترة الصباحية,11,1,مدينة سام للتجارة,B,fa71bd4b-81b1-4fe8-93d6-8868556df025
2,2026-07-13,الإثنين,الفترة الصباحية,11,1,مدينة سام للتجارة,B,fa71bd4b-81b1-4fe8-93d6-8868556df025
3,2026-07-20,الإثنين,الفترة الصباحية,11,1,مدينة سام للتجارة,B,fa71bd4b-81b1-4fe8-93d6-8868556df025
4,2026-07-27,الإثنين,الفترة الصباحية,11,1,مدينة سام للتجارة,B,fa71bd4b-81b1-4fe8-93d6-8868556df025
1,2026-07-06,الإثنين,الفترة الصباحية,12,2,وكالة ثمار الوفاء للأدوية,UNRATED,28e192af-0d9f-4491-ae36-6e8f6172dd97
2,2026-07-13,الإثنين,الفترة الصباحية,12,2,وكالة ثمار الوفاء للأدوية,UNRATED,28e192af-0d9f-4491-ae36-6e8f6172dd97
3,2026-07-20,الإثنين,الفترة الصباحية,12,2,وكالة ثمار الوفاء للأدوية,UNRATED,28e192af-0d9f-4491-ae36-6e8f6172dd97
4,2026-07-27,الإثنين,الفترة الصباحية,12,2,وكالة ثمار الوفاء للأدوية,UNRATED,28e192af-0d9f-4491-ae36-6e8f6172dd97
1,2026-07-06,الإثنين,الفترة المسائية,1,1,الثقة فارما,B,fd0d51a4-3be9-48d7-bebe-586966d2a826
2,2026-07-13,الإثنين,الفترة المسائية,1,1,الثقة فارما,B,fd0d51a4-3be9-48d7-bebe-586966d2a826
3,2026-07-20,الإثنين,الفترة المسائية,1,1,الثقة فارما,B,fd0d51a4-3be9-48d7-bebe-586966d2a826
4,2026-07-27,الإثنين,الفترة المسائية,1,1,الثقة فارما,B,fd0d51a4-3be9-48d7-bebe-586966d2a826
1,2026-07-06,الإثنين,الفترة المسائية,2,2,الشركة العربية للأدوية,A,46689a3b-9e6c-4b00-bfd4-fd4e81b1fe86
2,2026-07-13,الإثنين,الفترة المسائية,2,2,الشركة العربية للأدوية,A,46689a3b-9e6c-4b00-bfd4-fd4e81b1fe86
3,2026-07-20,الإثنين,الفترة المسائية,2,2,الشركة العربية للأدوية,A,46689a3b-9e6c-4b00-bfd4-fd4e81b1fe86
4,2026-07-27,الإثنين,الفترة المسائية,2,2,الشركة العربية للأدوية,A,46689a3b-9e6c-4b00-bfd4-fd4e81b1fe86
1,2026-07-06,الإثنين,الفترة المسائية,3,3,المعالي ميديكال,B,9e224919-66e3-41a4-8fae-c1e94c5270bc
2,2026-07-13,الإثنين,الفترة المسائية,3,3,المعالي ميديكال,B,9e224919-66e3-41a4-8fae-c1e94c5270bc
3,2026-07-20,الإثنين,الفترة المسائية,3,3,المعالي ميديكال,B,9e224919-66e3-41a4-8fae-c1e94c5270bc
4,2026-07-27,الإثنين,الفترة المسائية,3,3,المعالي ميديكال,B,9e224919-66e3-41a4-8fae-c1e94c5270bc
1,2026-07-06,الإثنين,الفترة المسائية,4,4,بيور ديرمالاب,B,e13fef5f-bfcb-4c3c-a639-41b717817edd
2,2026-07-13,الإثنين,الفترة المسائية,4,4,بيور ديرمالاب,B,e13fef5f-bfcb-4c3c-a639-41b717817edd
3,2026-07-20,الإثنين,الفترة المسائية,4,4,بيور ديرمالاب,B,e13fef5f-bfcb-4c3c-a639-41b717817edd
4,2026-07-27,الإثنين,الفترة المسائية,4,4,بيور ديرمالاب,B,e13fef5f-bfcb-4c3c-a639-41b717817edd
1,2026-07-06,الإثنين,الفترة المسائية,5,5,سافا فارما,B,845e2607-801e-4048-9fca-f70474cd8b08
2,2026-07-13,الإثنين,الفترة المسائية,5,5,سافا فارما,B,845e2607-801e-4048-9fca-f70474cd8b08
3,2026-07-20,الإثنين,الفترة المسائية,5,5,سافا فارما,B,845e2607-801e-4048-9fca-f70474cd8b08
4,2026-07-27,الإثنين,الفترة المسائية,5,5,سافا فارما,B,845e2607-801e-4048-9fca-f70474cd8b08
1,2026-07-06,الإثنين,الفترة المسائية,6,6,شركة العابد جميع الاقسام,A,781bbf75-f12e-4f34-9790-fc2d8b0e78fd
2,2026-07-13,الإثنين,الفترة المسائية,6,6,شركة العابد جميع الاقسام,A,781bbf75-f12e-4f34-9790-fc2d8b0e78fd
3,2026-07-20,الإثنين,الفترة المسائية,6,6,شركة العابد جميع الاقسام,A,781bbf75-f12e-4f34-9790-fc2d8b0e78fd
4,2026-07-27,الإثنين,الفترة المسائية,6,6,شركة العابد جميع الاقسام,A,781bbf75-f12e-4f34-9790-fc2d8b0e78fd
1,2026-07-06,الإثنين,الفترة المسائية,7,7,شركة شام فارما,B,394f583a-1e42-4e0d-9b6f-7ccff78b9e40
2,2026-07-13,الإثنين,الفترة المسائية,7,7,شركة شام فارما,B,394f583a-1e42-4e0d-9b6f-7ccff78b9e40
3,2026-07-20,الإثنين,الفترة المسائية,7,7,شركة شام فارما,B,394f583a-1e42-4e0d-9b6f-7ccff78b9e40
4,2026-07-27,الإثنين,الفترة المسائية,7,7,شركة شام فارما,B,394f583a-1e42-4e0d-9b6f-7ccff78b9e40
1,2026-07-06,الإثنين,الفترة المسائية,8,8,فواصل فارما,B,ab6a6cae-2d4e-49d6-be3a-11839c182aa4
2,2026-07-13,الإثنين,الفترة المسائية,8,8,فواصل فارما,B,ab6a6cae-2d4e-49d6-be3a-11839c182aa4
3,2026-07-20,الإثنين,الفترة المسائية,8,8,فواصل فارما,B,ab6a6cae-2d4e-49d6-be3a-11839c182aa4
4,2026-07-27,الإثنين,الفترة المسائية,8,8,فواصل فارما,B,ab6a6cae-2d4e-49d6-be3a-11839c182aa4
1,2026-07-06,الإثنين,الفترة المسائية,9,9,مؤسسة بن معمر للأدوية,B,85aa33b4-0559-4691-9a04-376e389d25fa
2,2026-07-13,الإثنين,الفترة المسائية,9,9,مؤسسة بن معمر للأدوية,B,85aa33b4-0559-4691-9a04-376e389d25fa
3,2026-07-20,الإثنين,الفترة المسائية,9,9,مؤسسة بن معمر للأدوية,B,85aa33b4-0559-4691-9a04-376e389d25fa
4,2026-07-27,الإثنين,الفترة المسائية,9,9,مؤسسة بن معمر للأدوية,B,85aa33b4-0559-4691-9a04-376e389d25fa
1,2026-07-06,الإثنين,الفترة المسائية,10,10,محلات المنصوب,B,bae51228-4d29-40a0-ba88-de611264d542
2,2026-07-13,الإثنين,الفترة المسائية,10,10,محلات المنصوب,B,bae51228-4d29-40a0-ba88-de611264d542
3,2026-07-20,الإثنين,الفترة المسائية,10,10,محلات المنصوب,B,bae51228-4d29-40a0-ba88-de611264d542
4,2026-07-27,الإثنين,الفترة المسائية,10,10,محلات المنصوب,B,bae51228-4d29-40a0-ba88-de611264d542
1,2026-07-06,الإثنين,الفترة المسائية,11,1,ميديكا للصناعات الدوائية,A,b678cbdc-4af5-4c35-bec2-32cee3614980
2,2026-07-13,الإثنين,الفترة المسائية,11,1,ميديكا للصناعات الدوائية,A,b678cbdc-4af5-4c35-bec2-32cee3614980
3,2026-07-20,الإثنين,الفترة المسائية,11,1,ميديكا للصناعات الدوائية,A,b678cbdc-4af5-4c35-bec2-32cee3614980
4,2026-07-27,الإثنين,الفترة المسائية,11,1,ميديكا للصناعات الدوائية,A,b678cbdc-4af5-4c35-bec2-32cee3614980
1,2026-07-07,الثلاثاء,الفترة الصباحية,1,1,ارض الريادة للاستيراد,B,a37cd951-dcb6-402e-b046-b05f52860254
2,2026-07-14,الثلاثاء,الفترة الصباحية,1,1,ارض الريادة للاستيراد,B,a37cd951-dcb6-402e-b046-b05f52860254
3,2026-07-21,الثلاثاء,الفترة الصباحية,1,1,ارض الريادة للاستيراد,B,a37cd951-dcb6-402e-b046-b05f52860254
4,2026-07-28,الثلاثاء,الفترة الصباحية,1,1,ارض الريادة للاستيراد,B,a37cd951-dcb6-402e-b046-b05f52860254
1,2026-07-07,الثلاثاء,الفترة الصباحية,2,2,السريحي للأدوية,B,c08e6bea-0c1b-4dfc-b43d-5fad399cbd80
2,2026-07-14,الثلاثاء,الفترة الصباحية,2,2,السريحي للأدوية,B,c08e6bea-0c1b-4dfc-b43d-5fad399cbd80
3,2026-07-21,الثلاثاء,الفترة الصباحية,2,2,السريحي للأدوية,B,c08e6bea-0c1b-4dfc-b43d-5fad399cbd80
4,2026-07-28,الثلاثاء,الفترة الصباحية,2,2,السريحي للأدوية,B,c08e6bea-0c1b-4dfc-b43d-5fad399cbd80
1,2026-07-07,الثلاثاء,الفترة الصباحية,3,3,القاهرة لتجارة الأدوية,B,138d5f81-e579-43ac-b649-d14f8f7782dc
2,2026-07-14,الثلاثاء,الفترة الصباحية,3,3,القاهرة لتجارة الأدوية,B,138d5f81-e579-43ac-b649-d14f8f7782dc
3,2026-07-21,الثلاثاء,الفترة الصباحية,3,3,القاهرة لتجارة الأدوية,B,138d5f81-e579-43ac-b649-d14f8f7782dc
4,2026-07-28,الثلاثاء,الفترة الصباحية,3,3,القاهرة لتجارة الأدوية,B,138d5f81-e579-43ac-b649-d14f8f7782dc
1,2026-07-07,الثلاثاء,الفترة الصباحية,4,4,اميال قسم جلينمارك,A,a65705eb-04b5-42a2-9679-93f0f1805899
2,2026-07-14,الثلاثاء,الفترة الصباحية,4,4,اميال قسم جلينمارك,A,a65705eb-04b5-42a2-9679-93f0f1805899
3,2026-07-21,الثلاثاء,الفترة الصباحية,4,4,اميال قسم جلينمارك,A,a65705eb-04b5-42a2-9679-93f0f1805899
4,2026-07-28,الثلاثاء,الفترة الصباحية,4,4,اميال قسم جلينمارك,A,a65705eb-04b5-42a2-9679-93f0f1805899
1,2026-07-07,الثلاثاء,الفترة الصباحية,5,5,رواد الدواء,B,a04bbc0e-6398-45bb-b623-51dbad718dd0
2,2026-07-14,الثلاثاء,الفترة الصباحية,5,5,رواد الدواء,B,a04bbc0e-6398-45bb-b623-51dbad718dd0
3,2026-07-21,الثلاثاء,الفترة الصباحية,5,5,رواد الدواء,B,a04bbc0e-6398-45bb-b623-51dbad718dd0
4,2026-07-28,الثلاثاء,الفترة الصباحية,5,5,رواد الدواء,B,a04bbc0e-6398-45bb-b623-51dbad718dd0
1,2026-07-07,الثلاثاء,الفترة الصباحية,6,6,شركة الأمل الطبية,B,2d719418-a86a-4985-812b-5b546ba1eceb
2,2026-07-14,الثلاثاء,الفترة الصباحية,6,6,شركة الأمل الطبية,B,2d719418-a86a-4985-812b-5b546ba1eceb
3,2026-07-21,الثلاثاء,الفترة الصباحية,6,6,شركة الأمل الطبية,B,2d719418-a86a-4985-812b-5b546ba1eceb
4,2026-07-28,الثلاثاء,الفترة الصباحية,6,6,شركة الأمل الطبية,B,2d719418-a86a-4985-812b-5b546ba1eceb
1,2026-07-07,الثلاثاء,الفترة الصباحية,7,7,شركة اليمان فارما,A,c9e6a5df-ccfe-4814-8f80-6c68e8ed0c13
2,2026-07-14,الثلاثاء,الفترة الصباحية,7,7,شركة اليمان فارما,A,c9e6a5df-ccfe-4814-8f80-6c68e8ed0c13
3,2026-07-21,الثلاثاء,الفترة الصباحية,7,7,شركة اليمان فارما,A,c9e6a5df-ccfe-4814-8f80-6c68e8ed0c13
4,2026-07-28,الثلاثاء,الفترة الصباحية,7,7,شركة اليمان فارما,A,c9e6a5df-ccfe-4814-8f80-6c68e8ed0c13
1,2026-07-07,الثلاثاء,الفترة الصباحية,8,8,صيدلية الهلال جميع الاقسام,A,b8f0ed82-9167-4bd3-9ef8-da659a105c36
2,2026-07-14,الثلاثاء,الفترة الصباحية,8,8,صيدلية الهلال جميع الاقسام,A,b8f0ed82-9167-4bd3-9ef8-da659a105c36
3,2026-07-21,الثلاثاء,الفترة الصباحية,8,8,صيدلية الهلال جميع الاقسام,A,b8f0ed82-9167-4bd3-9ef8-da659a105c36
4,2026-07-28,الثلاثاء,الفترة الصباحية,8,8,صيدلية الهلال جميع الاقسام,A,b8f0ed82-9167-4bd3-9ef8-da659a105c36
1,2026-07-07,الثلاثاء,الفترة الصباحية,9,9,مؤسسة السعادة الطبية,B,c4a818ba-d63a-407c-b8a9-b99612b24354
2,2026-07-14,الثلاثاء,الفترة الصباحية,9,9,مؤسسة السعادة الطبية,B,c4a818ba-d63a-407c-b8a9-b99612b24354
3,2026-07-21,الثلاثاء,الفترة الصباحية,9,9,مؤسسة السعادة الطبية,B,c4a818ba-d63a-407c-b8a9-b99612b24354
4,2026-07-28,الثلاثاء,الفترة الصباحية,9,9,مؤسسة السعادة الطبية,B,c4a818ba-d63a-407c-b8a9-b99612b24354
1,2026-07-07,الثلاثاء,الفترة الصباحية,10,10,مجموعة الاتحاد للأدوية,B,f3fd6ff7-8c41-4dba-b510-6c5515c112b0
2,2026-07-14,الثلاثاء,الفترة الصباحية,10,10,مجموعة الاتحاد للأدوية,B,f3fd6ff7-8c41-4dba-b510-6c5515c112b0
3,2026-07-21,الثلاثاء,الفترة الصباحية,10,10,مجموعة الاتحاد للأدوية,B,f3fd6ff7-8c41-4dba-b510-6c5515c112b0
4,2026-07-28,الثلاثاء,الفترة الصباحية,10,10,مجموعة الاتحاد للأدوية,B,f3fd6ff7-8c41-4dba-b510-6c5515c112b0
1,2026-07-07,الثلاثاء,الفترة الصباحية,11,1,مسايا فارما للاستيراد,B,9717b540-a9fc-45f7-bcc7-3f93eaa21e26
2,2026-07-14,الثلاثاء,الفترة الصباحية,11,1,مسايا فارما للاستيراد,B,9717b540-a9fc-45f7-bcc7-3f93eaa21e26
3,2026-07-21,الثلاثاء,الفترة الصباحية,11,1,مسايا فارما للاستيراد,B,9717b540-a9fc-45f7-bcc7-3f93eaa21e26
4,2026-07-28,الثلاثاء,الفترة الصباحية,11,1,مسايا فارما للاستيراد,B,9717b540-a9fc-45f7-bcc7-3f93eaa21e26
1,2026-07-07,الثلاثاء,الفترة المسائية,1,1,الجبل جميع الاقسام,A,5c53b80b-a809-4575-9a6a-655791b94d72
2,2026-07-14,الثلاثاء,الفترة المسائية,1,1,الجبل جميع الاقسام,A,5c53b80b-a809-4575-9a6a-655791b94d72
3,2026-07-21,الثلاثاء,الفترة المسائية,1,1,الجبل جميع الاقسام,A,5c53b80b-a809-4575-9a6a-655791b94d72
4,2026-07-28,الثلاثاء,الفترة المسائية,1,1,الجبل جميع الاقسام,A,5c53b80b-a809-4575-9a6a-655791b94d72
1,2026-07-07,الثلاثاء,الفترة المسائية,2,2,الشركة اليمنية المصرية,A,154a0aa5-78b9-4479-83a0-c2dba299f9d9
2,2026-07-14,الثلاثاء,الفترة المسائية,2,2,الشركة اليمنية المصرية,A,154a0aa5-78b9-4479-83a0-c2dba299f9d9
3,2026-07-21,الثلاثاء,الفترة المسائية,2,2,الشركة اليمنية المصرية,A,154a0aa5-78b9-4479-83a0-c2dba299f9d9
4,2026-07-28,الثلاثاء,الفترة المسائية,2,2,الشركة اليمنية المصرية,A,154a0aa5-78b9-4479-83a0-c2dba299f9d9
1,2026-07-07,الثلاثاء,الفترة المسائية,3,3,المفضل جميع الاقسام,A,65ff7785-8e44-4cc5-9a0b-7f1fed8ac3b8
2,2026-07-14,الثلاثاء,الفترة المسائية,3,3,المفضل جميع الاقسام,A,65ff7785-8e44-4cc5-9a0b-7f1fed8ac3b8
3,2026-07-21,الثلاثاء,الفترة المسائية,3,3,المفضل جميع الاقسام,A,65ff7785-8e44-4cc5-9a0b-7f1fed8ac3b8
4,2026-07-28,الثلاثاء,الفترة المسائية,3,3,المفضل جميع الاقسام,A,65ff7785-8e44-4cc5-9a0b-7f1fed8ac3b8
1,2026-07-07,الثلاثاء,الفترة المسائية,4,4,تداوي فارما,B,01217633-bcf1-4f22-8fc1-030845268670
2,2026-07-14,الثلاثاء,الفترة المسائية,4,4,تداوي فارما,B,01217633-bcf1-4f22-8fc1-030845268670
3,2026-07-21,الثلاثاء,الفترة المسائية,4,4,تداوي فارما,B,01217633-bcf1-4f22-8fc1-030845268670
4,2026-07-28,الثلاثاء,الفترة المسائية,4,4,تداوي فارما,B,01217633-bcf1-4f22-8fc1-030845268670
1,2026-07-07,الثلاثاء,الفترة المسائية,5,5,سبأ فارما - عبده البتن,B,7babeed6-6ab1-4aab-9862-1aed369d3804
2,2026-07-14,الثلاثاء,الفترة المسائية,5,5,سبأ فارما - عبده البتن,B,7babeed6-6ab1-4aab-9862-1aed369d3804
3,2026-07-21,الثلاثاء,الفترة المسائية,5,5,سبأ فارما - عبده البتن,B,7babeed6-6ab1-4aab-9862-1aed369d3804
4,2026-07-28,الثلاثاء,الفترة المسائية,5,5,سبأ فارما - عبده البتن,B,7babeed6-6ab1-4aab-9862-1aed369d3804
1,2026-07-07,الثلاثاء,الفترة المسائية,6,6,شركة الفتح جميع الاقسام,A,f1056968-a0c5-42d8-b042-bbfa3e8c7b34
2,2026-07-14,الثلاثاء,الفترة المسائية,6,6,شركة الفتح جميع الاقسام,A,f1056968-a0c5-42d8-b042-bbfa3e8c7b34
3,2026-07-21,الثلاثاء,الفترة المسائية,6,6,شركة الفتح جميع الاقسام,A,f1056968-a0c5-42d8-b042-bbfa3e8c7b34
4,2026-07-28,الثلاثاء,الفترة المسائية,6,6,شركة الفتح جميع الاقسام,A,f1056968-a0c5-42d8-b042-bbfa3e8c7b34
1,2026-07-07,الثلاثاء,الفترة المسائية,7,7,شركة عين سبا,B,5bd0904b-2999-44f3-a54f-5e376161fe1e
2,2026-07-14,الثلاثاء,الفترة المسائية,7,7,شركة عين سبا,B,5bd0904b-2999-44f3-a54f-5e376161fe1e
3,2026-07-21,الثلاثاء,الفترة المسائية,7,7,شركة عين سبا,B,5bd0904b-2999-44f3-a54f-5e376161fe1e
4,2026-07-28,الثلاثاء,الفترة المسائية,7,7,شركة عين سبا,B,5bd0904b-2999-44f3-a54f-5e376161fe1e
1,2026-07-07,الثلاثاء,الفترة المسائية,8,8,فيجا فارما للأدوية,B,31c3200f-9c6e-44c4-8da4-c7a84a0afba2
2,2026-07-14,الثلاثاء,الفترة المسائية,8,8,فيجا فارما للأدوية,B,31c3200f-9c6e-44c4-8da4-c7a84a0afba2
3,2026-07-21,الثلاثاء,الفترة المسائية,8,8,فيجا فارما للأدوية,B,31c3200f-9c6e-44c4-8da4-c7a84a0afba2
4,2026-07-28,الثلاثاء,الفترة المسائية,8,8,فيجا فارما للأدوية,B,31c3200f-9c6e-44c4-8da4-c7a84a0afba2
1,2026-07-07,الثلاثاء,الفترة المسائية,9,9,مؤسسة عبد الفتاح باجمال,B,425db398-4ece-4031-80c4-2b6489f6c3d4
2,2026-07-14,الثلاثاء,الفترة المسائية,9,9,مؤسسة عبد الفتاح باجمال,B,425db398-4ece-4031-80c4-2b6489f6c3d4
3,2026-07-21,الثلاثاء,الفترة المسائية,9,9,مؤسسة عبد الفتاح باجمال,B,425db398-4ece-4031-80c4-2b6489f6c3d4
4,2026-07-28,الثلاثاء,الفترة المسائية,9,9,مؤسسة عبد الفتاح باجمال,B,425db398-4ece-4031-80c4-2b6489f6c3d4
1,2026-07-07,الثلاثاء,الفترة المسائية,10,10,محلات مياس للأدوية,B,9d54bb0a-4086-406a-851f-c1bbe668ed9b
2,2026-07-14,الثلاثاء,الفترة المسائية,10,10,محلات مياس للأدوية,B,9d54bb0a-4086-406a-851f-c1bbe668ed9b
3,2026-07-21,الثلاثاء,الفترة المسائية,10,10,محلات مياس للأدوية,B,9d54bb0a-4086-406a-851f-c1bbe668ed9b
4,2026-07-28,الثلاثاء,الفترة المسائية,10,10,محلات مياس للأدوية,B,9d54bb0a-4086-406a-851f-c1bbe668ed9b
1,2026-07-07,الثلاثاء,الفترة المسائية,11,1,نانو فارما العالمية,B,7021c42a-06a8-42d0-ba07-76121ecab80d
2,2026-07-14,الثلاثاء,الفترة المسائية,11,1,نانو فارما العالمية,B,7021c42a-06a8-42d0-ba07-76121ecab80d
3,2026-07-21,الثلاثاء,الفترة المسائية,11,1,نانو فارما العالمية,B,7021c42a-06a8-42d0-ba07-76121ecab80d
4,2026-07-28,الثلاثاء,الفترة المسائية,11,1,نانو فارما العالمية,B,7021c42a-06a8-42d0-ba07-76121ecab80d
1,2026-07-08,الأربعاء,الفترة الصباحية,1,1,اصرار فارما,B,fa4fdf28-1b51-4476-8d68-6ea49fcfab55
2,2026-07-15,الأربعاء,الفترة الصباحية,1,1,اصرار فارما,B,fa4fdf28-1b51-4476-8d68-6ea49fcfab55
3,2026-07-22,الأربعاء,الفترة الصباحية,1,1,اصرار فارما,B,fa4fdf28-1b51-4476-8d68-6ea49fcfab55
4,2026-07-29,الأربعاء,الفترة الصباحية,1,1,اصرار فارما,B,fa4fdf28-1b51-4476-8d68-6ea49fcfab55
1,2026-07-08,الأربعاء,الفترة الصباحية,2,2,الشركة الدوائية - التخصصية,A,cf1f5668-7bf5-47ac-888f-8f721a60bbe2
2,2026-07-15,الأربعاء,الفترة الصباحية,2,2,الشركة الدوائية - التخصصية,A,cf1f5668-7bf5-47ac-888f-8f721a60bbe2
3,2026-07-22,الأربعاء,الفترة الصباحية,2,2,الشركة الدوائية - التخصصية,A,cf1f5668-7bf5-47ac-888f-8f721a60bbe2
4,2026-07-29,الأربعاء,الفترة الصباحية,2,2,الشركة الدوائية - التخصصية,A,cf1f5668-7bf5-47ac-888f-8f721a60bbe2
1,2026-07-08,الأربعاء,الفترة الصباحية,3,3,القفيلي للادوية,B,4152f70f-53ec-455c-988e-c017a9a2c060
2,2026-07-15,الأربعاء,الفترة الصباحية,3,3,القفيلي للادوية,B,4152f70f-53ec-455c-988e-c017a9a2c060
3,2026-07-22,الأربعاء,الفترة الصباحية,3,3,القفيلي للادوية,B,4152f70f-53ec-455c-988e-c017a9a2c060
4,2026-07-29,الأربعاء,الفترة الصباحية,3,3,القفيلي للادوية,B,4152f70f-53ec-455c-988e-c017a9a2c060
1,2026-07-08,الأربعاء,الفترة الصباحية,4,4,اوسيشيتيد مديكال,B,e5d98f63-fc26-42f0-b98d-54bc0cf96c97
2,2026-07-15,الأربعاء,الفترة الصباحية,4,4,اوسيشيتيد مديكال,B,e5d98f63-fc26-42f0-b98d-54bc0cf96c97
3,2026-07-22,الأربعاء,الفترة الصباحية,4,4,اوسيشيتيد مديكال,B,e5d98f63-fc26-42f0-b98d-54bc0cf96c97
4,2026-07-29,الأربعاء,الفترة الصباحية,4,4,اوسيشيتيد مديكال,B,e5d98f63-fc26-42f0-b98d-54bc0cf96c97
1,2026-07-08,الأربعاء,الفترة الصباحية,5,5,رويال فارما التخصصية,B,80c66fee-0e57-40c9-bb37-5adeeb307793
2,2026-07-15,الأربعاء,الفترة الصباحية,5,5,رويال فارما التخصصية,B,80c66fee-0e57-40c9-bb37-5adeeb307793
3,2026-07-22,الأربعاء,الفترة الصباحية,5,5,رويال فارما التخصصية,B,80c66fee-0e57-40c9-bb37-5adeeb307793
4,2026-07-29,الأربعاء,الفترة الصباحية,5,5,رويال فارما التخصصية,B,80c66fee-0e57-40c9-bb37-5adeeb307793
1,2026-07-08,الأربعاء,الفترة الصباحية,6,6,شركة الرباط فارما,B,79cee4e1-9fd2-470d-af4b-e4a154b10d4c
2,2026-07-15,الأربعاء,الفترة الصباحية,6,6,شركة الرباط فارما,B,79cee4e1-9fd2-470d-af4b-e4a154b10d4c
3,2026-07-22,الأربعاء,الفترة الصباحية,6,6,شركة الرباط فارما,B,79cee4e1-9fd2-470d-af4b-e4a154b10d4c
4,2026-07-29,الأربعاء,الفترة الصباحية,6,6,شركة الرباط فارما,B,79cee4e1-9fd2-470d-af4b-e4a154b10d4c
1,2026-07-08,الأربعاء,الفترة الصباحية,7,7,شركة الين للادوية,B,891283e0-9961-4a22-956a-60b6ae28f718
2,2026-07-15,الأربعاء,الفترة الصباحية,7,7,شركة الين للادوية,B,891283e0-9961-4a22-956a-60b6ae28f718
3,2026-07-22,الأربعاء,الفترة الصباحية,7,7,شركة الين للادوية,B,891283e0-9961-4a22-956a-60b6ae28f718
4,2026-07-29,الأربعاء,الفترة الصباحية,7,7,شركة الين للادوية,B,891283e0-9961-4a22-956a-60b6ae28f718
1,2026-07-08,الأربعاء,الفترة الصباحية,8,8,عدينة فارما للأدوية,B,d287b889-a173-4bc8-b34d-7d5fc8bbf7f8
2,2026-07-15,الأربعاء,الفترة الصباحية,8,8,عدينة فارما للأدوية,B,d287b889-a173-4bc8-b34d-7d5fc8bbf7f8
3,2026-07-22,الأربعاء,الفترة الصباحية,8,8,عدينة فارما للأدوية,B,d287b889-a173-4bc8-b34d-7d5fc8bbf7f8
4,2026-07-29,الأربعاء,الفترة الصباحية,8,8,عدينة فارما للأدوية,B,d287b889-a173-4bc8-b34d-7d5fc8bbf7f8
1,2026-07-08,الأربعاء,الفترة الصباحية,9,9,مؤسسة العنتري للأدوية,B,f1ac8382-339f-4528-a531-5e72466939a6
2,2026-07-15,الأربعاء,الفترة الصباحية,9,9,مؤسسة العنتري للأدوية,B,f1ac8382-339f-4528-a531-5e72466939a6
3,2026-07-22,الأربعاء,الفترة الصباحية,9,9,مؤسسة العنتري للأدوية,B,f1ac8382-339f-4528-a531-5e72466939a6
4,2026-07-29,الأربعاء,الفترة الصباحية,9,9,مؤسسة العنتري للأدوية,B,f1ac8382-339f-4528-a531-5e72466939a6
1,2026-07-08,الأربعاء,الفترة الصباحية,10,10,مجموعة النمر للتجارة,B,6be4f84e-bb08-4763-ad52-9400f5cd460a
2,2026-07-15,الأربعاء,الفترة الصباحية,10,10,مجموعة النمر للتجارة,B,6be4f84e-bb08-4763-ad52-9400f5cd460a
3,2026-07-22,الأربعاء,الفترة الصباحية,10,10,مجموعة النمر للتجارة,B,6be4f84e-bb08-4763-ad52-9400f5cd460a
4,2026-07-29,الأربعاء,الفترة الصباحية,10,10,مجموعة النمر للتجارة,B,6be4f84e-bb08-4763-ad52-9400f5cd460a
1,2026-07-08,الأربعاء,الفترة الصباحية,11,1,منير علي للاستيراد,B,7b6ad3e9-b684-456d-90eb-a5fd47704df1
2,2026-07-15,الأربعاء,الفترة الصباحية,11,1,منير علي للاستيراد,B,7b6ad3e9-b684-456d-90eb-a5fd47704df1
3,2026-07-22,الأربعاء,الفترة الصباحية,11,1,منير علي للاستيراد,B,7b6ad3e9-b684-456d-90eb-a5fd47704df1
4,2026-07-29,الأربعاء,الفترة الصباحية,11,1,منير علي للاستيراد,B,7b6ad3e9-b684-456d-90eb-a5fd47704df1
1,2026-07-08,الأربعاء,الفترة المسائية,1,1,الجزيرة والخليج,B,0d9b068c-31d0-4b56-80de-e7d909e397fd
2,2026-07-15,الأربعاء,الفترة المسائية,1,1,الجزيرة والخليج,B,0d9b068c-31d0-4b56-80de-e7d909e397fd
3,2026-07-22,الأربعاء,الفترة المسائية,1,1,الجزيرة والخليج,B,0d9b068c-31d0-4b56-80de-e7d909e397fd
4,2026-07-29,الأربعاء,الفترة المسائية,1,1,الجزيرة والخليج,B,0d9b068c-31d0-4b56-80de-e7d909e397fd
1,2026-07-08,الأربعاء,الفترة المسائية,2,2,العبير فارما,A,2a014c59-2388-4b48-a9f6-177b78123fdd
2,2026-07-15,الأربعاء,الفترة المسائية,2,2,العبير فارما,A,2a014c59-2388-4b48-a9f6-177b78123fdd
3,2026-07-22,الأربعاء,الفترة المسائية,2,2,العبير فارما,A,2a014c59-2388-4b48-a9f6-177b78123fdd
4,2026-07-29,الأربعاء,الفترة المسائية,2,2,العبير فارما,A,2a014c59-2388-4b48-a9f6-177b78123fdd
1,2026-07-08,الأربعاء,الفترة المسائية,3,3,الميدان للأدوية,A,8423cee6-f6a2-43f0-8d07-ed12a93009a5
2,2026-07-15,الأربعاء,الفترة المسائية,3,3,الميدان للأدوية,A,8423cee6-f6a2-43f0-8d07-ed12a93009a5
3,2026-07-22,الأربعاء,الفترة المسائية,3,3,الميدان للأدوية,A,8423cee6-f6a2-43f0-8d07-ed12a93009a5
4,2026-07-29,الأربعاء,الفترة المسائية,3,3,الميدان للأدوية,A,8423cee6-f6a2-43f0-8d07-ed12a93009a5
1,2026-07-08,الأربعاء,الفترة المسائية,4,4,توكيلات اليمامة للأدوية,B,5273b0a3-e69a-45cb-91ef-535ec6a502c7
2,2026-07-15,الأربعاء,الفترة المسائية,4,4,توكيلات اليمامة للأدوية,B,5273b0a3-e69a-45cb-91ef-535ec6a502c7
3,2026-07-22,الأربعاء,الفترة المسائية,4,4,توكيلات اليمامة للأدوية,B,5273b0a3-e69a-45cb-91ef-535ec6a502c7
4,2026-07-29,الأربعاء,الفترة المسائية,4,4,توكيلات اليمامة للأدوية,B,5273b0a3-e69a-45cb-91ef-535ec6a502c7
1,2026-07-08,الأربعاء,الفترة المسائية,5,5,سر الدواء للأدوية,B,36a50eee-4134-4883-a0a8-f99b87c16534
2,2026-07-15,الأربعاء,الفترة المسائية,5,5,سر الدواء للأدوية,B,36a50eee-4134-4883-a0a8-f99b87c16534
3,2026-07-22,الأربعاء,الفترة المسائية,5,5,سر الدواء للأدوية,B,36a50eee-4134-4883-a0a8-f99b87c16534
4,2026-07-29,الأربعاء,الفترة المسائية,5,5,سر الدواء للأدوية,B,36a50eee-4134-4883-a0a8-f99b87c16534
1,2026-07-08,الأربعاء,الفترة المسائية,6,6,شركة الفرقان التجارية,B,67d994a6-8dae-4c21-a46b-8225494588aa
2,2026-07-15,الأربعاء,الفترة المسائية,6,6,شركة الفرقان التجارية,B,67d994a6-8dae-4c21-a46b-8225494588aa
3,2026-07-22,الأربعاء,الفترة المسائية,6,6,شركة الفرقان التجارية,B,67d994a6-8dae-4c21-a46b-8225494588aa
4,2026-07-29,الأربعاء,الفترة المسائية,6,6,شركة الفرقان التجارية,B,67d994a6-8dae-4c21-a46b-8225494588aa
1,2026-07-08,الأربعاء,الفترة المسائية,7,7,شركة غرناطة المحدودة,B,5ac60554-1037-4025-8241-fb5b8a631d3e
2,2026-07-15,الأربعاء,الفترة المسائية,7,7,شركة غرناطة المحدودة,B,5ac60554-1037-4025-8241-fb5b8a631d3e
3,2026-07-22,الأربعاء,الفترة المسائية,7,7,شركة غرناطة المحدودة,B,5ac60554-1037-4025-8241-fb5b8a631d3e
4,2026-07-29,الأربعاء,الفترة المسائية,7,7,شركة غرناطة المحدودة,B,5ac60554-1037-4025-8241-fb5b8a631d3e
1,2026-07-08,الأربعاء,الفترة المسائية,8,8,ليدر فارما للأدوية,B,217def25-298b-49ca-8225-02f748aa4ee9
2,2026-07-15,الأربعاء,الفترة المسائية,8,8,ليدر فارما للأدوية,B,217def25-298b-49ca-8225-02f748aa4ee9
3,2026-07-22,الأربعاء,الفترة المسائية,8,8,ليدر فارما للأدوية,B,217def25-298b-49ca-8225-02f748aa4ee9
4,2026-07-29,الأربعاء,الفترة المسائية,8,8,ليدر فارما للأدوية,B,217def25-298b-49ca-8225-02f748aa4ee9
1,2026-07-08,الأربعاء,الفترة المسائية,9,9,مؤسسة محمد الشاعر,B,490c9a88-bd06-4325-9ade-23962875e2e3
2,2026-07-15,الأربعاء,الفترة المسائية,9,9,مؤسسة محمد الشاعر,B,490c9a88-bd06-4325-9ade-23962875e2e3
3,2026-07-22,الأربعاء,الفترة المسائية,9,9,مؤسسة محمد الشاعر,B,490c9a88-bd06-4325-9ade-23962875e2e3
4,2026-07-29,الأربعاء,الفترة المسائية,9,9,مؤسسة محمد الشاعر,B,490c9a88-bd06-4325-9ade-23962875e2e3
1,2026-07-08,الأربعاء,الفترة المسائية,10,10,محمد الجوهري,B,17f627a6-5fab-4b3e-9606-b73d772cb071
2,2026-07-15,الأربعاء,الفترة المسائية,10,10,محمد الجوهري,B,17f627a6-5fab-4b3e-9606-b73d772cb071
3,2026-07-22,الأربعاء,الفترة المسائية,10,10,محمد الجوهري,B,17f627a6-5fab-4b3e-9606-b73d772cb071
4,2026-07-29,الأربعاء,الفترة المسائية,10,10,محمد الجوهري,B,17f627a6-5fab-4b3e-9606-b73d772cb071
1,2026-07-08,الأربعاء,الفترة المسائية,11,1,هم حضرموت للاستيراد,A,5c3c4b98-13b6-40ff-819c-ad464c080299
2,2026-07-15,الأربعاء,الفترة المسائية,11,1,هم حضرموت للاستيراد,A,5c3c4b98-13b6-40ff-819c-ad464c080299
3,2026-07-22,الأربعاء,الفترة المسائية,11,1,هم حضرموت للاستيراد,A,5c3c4b98-13b6-40ff-819c-ad464c080299
4,2026-07-29,الأربعاء,الفترة المسائية,11,1,هم حضرموت للاستيراد,A,5c3c4b98-13b6-40ff-819c-ad464c080299
