week,date,day,shift,base_day,base_shift,slot,legacy_slot,company,tier,company_id
1,2026-07-04,السبت,الفترة الصباحية,1,MORNING,1,1,ابو راغب فارما,UNRATED,ec3cfbd7-e8a4-4b9c-b03a-641b07d5d2c4
2,2026-07-12,الأحد,الفترة المسائية,1,MORNING,1,1,ابو راغب فارما,UNRATED,ec3cfbd7-e8a4-4b9c-b03a-641b07d5d2c4
3,2026-07-20,الإثنين,الفترة الصباحية,1,MORNING,1,1,ابو راغب فارما,UNRATED,ec3cfbd7-e8a4-4b9c-b03a-641b07d5d2c4
4,2026-07-28,الثلاثاء,الفترة المسائية,1,MORNING,1,1,ابو راغب فارما,UNRATED,ec3cfbd7-e8a4-4b9c-b03a-641b07d5d2c4
1,2026-07-04,السبت,الفترة الصباحية,1,MORNING,2,2,الدهبلي للادوية,UNRATED,972bc40f-3352-4e08-b7c4-00fdd7efbf3d
2,2026-07-12,الأحد,الفترة المسائية,1,MORNING,2,2,الدهبلي للادوية,UNRATED,972bc40f-3352-4e08-b7c4-00fdd7efbf3d
3,2026-07-20,الإثنين,الفترة الصباحية,1,MORNING,2,2,الدهبلي للادوية,UNRATED,972bc40f-3352-4e08-b7c4-00fdd7efbf3d
4,2026-07-28,الثلاثاء,الفترة المسائية,1,MORNING,2,2,الدهبلي للادوية,UNRATED,972bc40f-3352-4e08-b7c4-00fdd7efbf3d
1,2026-07-04,السبت,الفترة الصباحية,1,MORNING,3,3,العيفري للأدوية,UNRATED,a00398d6-737a-4377-b36e-db806bebd2ac
2,2026-07-12,الأحد,الفترة المسائية,1,MORNING,3,3,العيفري للأدوية,UNRATED,a00398d6-737a-4377-b36e-db806bebd2ac
3,2026-07-20,الإثنين,الفترة الصباحية,1,MORNING,3,3,العيفري للأدوية,UNRATED,a00398d6-737a-4377-b36e-db806bebd2ac
4,2026-07-28,الثلاثاء,الفترة المسائية,1,MORNING,3,3,العيفري للأدوية,UNRATED,a00398d6-737a-4377-b36e-db806bebd2ac
1,2026-07-04,السبت,الفترة الصباحية,1,MORNING,4,4,النبيل للأدوية,UNRATED,b6149a8d-bdca-4921-b993-e8433ca9034e
2,2026-07-12,الأحد,الفترة المسائية,1,MORNING,4,4,النبيل للأدوية,UNRATED,b6149a8d-bdca-4921-b993-e8433ca9034e
3,2026-07-20,الإثنين,الفترة الصباحية,1,MORNING,4,4,النبيل للأدوية,UNRATED,b6149a8d-bdca-4921-b993-e8433ca9034e
4,2026-07-28,الثلاثاء,الفترة المسائية,1,MORNING,4,4,النبيل للأدوية,UNRATED,b6149a8d-bdca-4921-b993-e8433ca9034e
1,2026-07-04,السبت,الفترة الصباحية,1,MORNING,5,5,تيبكال ميديكال,UNRATED,8286bf66-8b5c-4b50-afe1-1c20fdc5960b
2,2026-07-12,الأحد,الفترة المسائية,1,MORNING,5,5,تيبكال ميديكال,UNRATED,8286bf66-8b5c-4b50-afe1-1c20fdc5960b
3,2026-07-20,الإثنين,الفترة الصباحية,1,MORNING,5,5,تيبكال ميديكال,UNRATED,8286bf66-8b5c-4b50-afe1-1c20fdc5960b
4,2026-07-28,الثلاثاء,الفترة المسائية,1,MORNING,5,5,تيبكال ميديكال,UNRATED,8286bf66-8b5c-4b50-afe1-1c20fdc5960b
1,2026-07-04,السبت,الفترة الصباحية,1,MORNING,6,6,سمارتي للأدوية,UNRATED,ef465f1c-022d-4713-9203-860d8f4b6c34
2,2026-07-12,الأحد,الفترة المسائية,1,MORNING,6,6,سمارتي للأدوية,UNRATED,ef465f1c-022d-4713-9203-860d8f4b6c34
3,2026-07-20,الإثنين,الفترة الصباحية,1,MORNING,6,6,سمارتي للأدوية,UNRATED,ef465f1c-022d-4713-9203-860d8f4b6c34
4,2026-07-28,الثلاثاء,الفترة المسائية,1,MORNING,6,6,سمارتي للأدوية,UNRATED,ef465f1c-022d-4713-9203-860d8f4b6c34
1,2026-07-04,السبت,الفترة الصباحية,1,MORNING,7,7,شركة المحضار اخوان,UNRATED,3a69036d-106d-4f24-ad64-86fd80c8fc88
2,2026-07-12,الأحد,الفترة المسائية,1,MORNING,7,7,شركة المحضار اخوان,UNRATED,3a69036d-106d-4f24-ad64-86fd80c8fc88
3,2026-07-20,الإثنين,الفترة الصباحية,1,MORNING,7,7,شركة المحضار اخوان,UNRATED,3a69036d-106d-4f24-ad64-86fd80c8fc88
4,2026-07-28,الثلاثاء,الفترة المسائية,1,MORNING,7,7,شركة المحضار اخوان,UNRATED,3a69036d-106d-4f24-ad64-86fd80c8fc88
1,2026-07-04,السبت,الفترة الصباحية,1,MORNING,8,8,شركة لوتن للأدوية,UNRATED,fe9fae6f-3015-4932-aa44-4e2ac3ccfc15
2,2026-07-12,الأحد,الفترة المسائية,1,MORNING,8,8,شركة لوتن للأدوية,UNRATED,fe9fae6f-3015-4932-aa44-4e2ac3ccfc15
3,2026-07-20,الإثنين,الفترة الصباحية,1,MORNING,8,8,شركة لوتن للأدوية,UNRATED,fe9fae6f-3015-4932-aa44-4e2ac3ccfc15
4,2026-07-28,الثلاثاء,الفترة المسائية,1,MORNING,8,8,شركة لوتن للأدوية,UNRATED,fe9fae6f-3015-4932-aa44-4e2ac3ccfc15
1,2026-07-04,السبت,الفترة الصباحية,1,MORNING,9,9,مؤسسة ابن القادري,UNRATED,8fc42a1e-3cc5-4ab6-8be7-d4f2719a1b98
2,2026-07-12,الأحد,الفترة المسائية,1,MORNING,9,9,مؤسسة ابن القادري,UNRATED,8fc42a1e-3cc5-4ab6-8be7-d4f2719a1b98
3,2026-07-20,الإثنين,الفترة الصباحية,1,MORNING,9,9,مؤسسة ابن القادري,UNRATED,8fc42a1e-3cc5-4ab6-8be7-d4f2719a1b98
4,2026-07-28,الثلاثاء,الفترة المسائية,1,MORNING,9,9,مؤسسة ابن القادري,UNRATED,8fc42a1e-3cc5-4ab6-8be7-d4f2719a1b98
1,2026-07-04,السبت,الفترة الصباحية,1,MORNING,10,10,مؤسسة محمد عبد الفتاح,UNRATED,9c2591b4-fb25-491c-9c19-141b318f5b5e
2,2026-07-12,الأحد,الفترة المسائية,1,MORNING,10,10,مؤسسة محمد عبد الفتاح,UNRATED,9c2591b4-fb25-491c-9c19-141b318f5b5e
3,2026-07-20,الإثنين,الفترة الصباحية,1,MORNING,10,10,مؤسسة محمد عبد الفتاح,UNRATED,9c2591b4-fb25-491c-9c19-141b318f5b5e
4,2026-07-28,الثلاثاء,الفترة المسائية,1,MORNING,10,10,مؤسسة محمد عبد الفتاح,UNRATED,9c2591b4-fb25-491c-9c19-141b318f5b5e
1,2026-07-04,السبت,الفترة الصباحية,1,MORNING,11,1,مخازن الزبيدي للأدوية,UNRATED,bb3e99b8-d4c0-481b-90b9-fb9324cf01e0
2,2026-07-12,الأحد,الفترة المسائية,1,MORNING,11,1,مخازن الزبيدي للأدوية,UNRATED,bb3e99b8-d4c0-481b-90b9-fb9324cf01e0
3,2026-07-20,الإثنين,الفترة الصباحية,1,MORNING,11,1,مخازن الزبيدي للأدوية,UNRATED,bb3e99b8-d4c0-481b-90b9-fb9324cf01e0
4,2026-07-28,الثلاثاء,الفترة المسائية,1,MORNING,11,1,مخازن الزبيدي للأدوية,UNRATED,bb3e99b8-d4c0-481b-90b9-fb9324cf01e0
1,2026-07-04,السبت,الفترة الصباحية,1,MORNING,12,2,هيلث كير,UNRATED,3658b2bc-3de0-4369-b116-d62a2428cea3
2,2026-07-12,الأحد,الفترة المسائية,1,MORNING,12,2,هيلث كير,UNRATED,3658b2bc-3de0-4369-b116-d62a2428cea3
3,2026-07-20,الإثنين,الفترة الصباحية,1,MORNING,12,2,هيلث كير,UNRATED,3658b2bc-3de0-4369-b116-d62a2428cea3
4,2026-07-28,الثلاثاء,الفترة المسائية,1,MORNING,12,2,هيلث كير,UNRATED,3658b2bc-3de0-4369-b116-d62a2428cea3
1,2026-07-04,السبت,الفترة المسائية,1,EVENING,1,1,احمد فارما,UNRATED,97ac057a-2c42-4e97-b660-e96507ab331e
2,2026-07-12,الأحد,الفترة الصباحية,1,EVENING,1,1,احمد فارما,UNRATED,97ac057a-2c42-4e97-b660-e96507ab331e
3,2026-07-20,الإثنين,الفترة المسائية,1,EVENING,1,1,احمد فارما,UNRATED,97ac057a-2c42-4e97-b660-e96507ab331e
4,2026-07-28,الثلاثاء,الفترة الصباحية,1,EVENING,1,1,احمد فارما,UNRATED,97ac057a-2c42-4e97-b660-e96507ab331e
1,2026-07-04,السبت,الفترة المسائية,1,EVENING,2,2,الدواء ميديكال,UNRATED,7fb06b77-5a27-429b-a057-f8fe9d28b9d2
2,2026-07-12,الأحد,الفترة الصباحية,1,EVENING,2,2,الدواء ميديكال,UNRATED,7fb06b77-5a27-429b-a057-f8fe9d28b9d2
3,2026-07-20,الإثنين,الفترة المسائية,1,EVENING,2,2,الدواء ميديكال,UNRATED,7fb06b77-5a27-429b-a057-f8fe9d28b9d2
4,2026-07-28,الثلاثاء,الفترة الصباحية,1,EVENING,2,2,الدواء ميديكال,UNRATED,7fb06b77-5a27-429b-a057-f8fe9d28b9d2
1,2026-07-04,السبت,الفترة المسائية,1,EVENING,3,3,الغزالي للأدوية,UNRATED,8f6f3ac6-6f8b-44ec-bd20-92b3c1db7554
2,2026-07-12,الأحد,الفترة الصباحية,1,EVENING,3,3,الغزالي للأدوية,UNRATED,8f6f3ac6-6f8b-44ec-bd20-92b3c1db7554
3,2026-07-20,الإثنين,الفترة المسائية,1,EVENING,3,3,الغزالي للأدوية,UNRATED,8f6f3ac6-6f8b-44ec-bd20-92b3c1db7554
4,2026-07-28,الثلاثاء,الفترة الصباحية,1,EVENING,3,3,الغزالي للأدوية,UNRATED,8f6f3ac6-6f8b-44ec-bd20-92b3c1db7554
1,2026-07-04,السبت,الفترة المسائية,1,EVENING,4,4,النور جميع الاقسام,UNRATED,d1573921-bb92-4c5f-b933-c3105110833c
2,2026-07-12,الأحد,الفترة الصباحية,1,EVENING,4,4,النور جميع الاقسام,UNRATED,d1573921-bb92-4c5f-b933-c3105110833c
3,2026-07-20,الإثنين,الفترة المسائية,1,EVENING,4,4,النور جميع الاقسام,UNRATED,d1573921-bb92-4c5f-b933-c3105110833c
4,2026-07-28,الثلاثاء,الفترة الصباحية,1,EVENING,4,4,النور جميع الاقسام,UNRATED,d1573921-bb92-4c5f-b933-c3105110833c
1,2026-07-04,السبت,الفترة المسائية,1,EVENING,5,5,جوبان فارما,UNRATED,3077b089-bd43-4fb7-ad62-e3df5727cee5
2,2026-07-12,الأحد,الفترة الصباحية,1,EVENING,5,5,جوبان فارما,UNRATED,3077b089-bd43-4fb7-ad62-e3df5727cee5
3,2026-07-20,الإثنين,الفترة المسائية,1,EVENING,5,5,جوبان فارما,UNRATED,3077b089-bd43-4fb7-ad62-e3df5727cee5
4,2026-07-28,الثلاثاء,الفترة الصباحية,1,EVENING,5,5,جوبان فارما,UNRATED,3077b089-bd43-4fb7-ad62-e3df5727cee5
1,2026-07-04,السبت,الفترة المسائية,1,EVENING,6,6,شركة إنما فارما,UNRATED,d44a64d0-6606-4748-a30e-b243e46fbd90
2,2026-07-12,الأحد,الفترة الصباحية,1,EVENING,6,6,شركة إنما فارما,UNRATED,d44a64d0-6606-4748-a30e-b243e46fbd90
3,2026-07-20,الإثنين,الفترة المسائية,1,EVENING,6,6,شركة إنما فارما,UNRATED,d44a64d0-6606-4748-a30e-b243e46fbd90
4,2026-07-28,الثلاثاء,الفترة الصباحية,1,EVENING,6,6,شركة إنما فارما,UNRATED,d44a64d0-6606-4748-a30e-b243e46fbd90
1,2026-07-04,السبت,الفترة المسائية,1,EVENING,7,7,شركة الملك للتجارة,UNRATED,15c9f812-bb3d-4172-8d3b-3b67eb201974
2,2026-07-12,الأحد,الفترة الصباحية,1,EVENING,7,7,شركة الملك للتجارة,UNRATED,15c9f812-bb3d-4172-8d3b-3b67eb201974
3,2026-07-20,الإثنين,الفترة المسائية,1,EVENING,7,7,شركة الملك للتجارة,UNRATED,15c9f812-bb3d-4172-8d3b-3b67eb201974
4,2026-07-28,الثلاثاء,الفترة الصباحية,1,EVENING,7,7,شركة الملك للتجارة,UNRATED,15c9f812-bb3d-4172-8d3b-3b67eb201974
1,2026-07-04,السبت,الفترة المسائية,1,EVENING,8,8,شركة نماء فارما,UNRATED,82a9ba48-60c9-4922-bb05-879cd45ab100
2,2026-07-12,الأحد,الفترة الصباحية,1,EVENING,8,8,شركة نماء فارما,UNRATED,82a9ba48-60c9-4922-bb05-879cd45ab100
3,2026-07-20,الإثنين,الفترة المسائية,1,EVENING,8,8,شركة نماء فارما,UNRATED,82a9ba48-60c9-4922-bb05-879cd45ab100
4,2026-07-28,الثلاثاء,الفترة الصباحية,1,EVENING,8,8,شركة نماء فارما,UNRATED,82a9ba48-60c9-4922-bb05-879cd45ab100
1,2026-07-04,السبت,الفترة المسائية,1,EVENING,9,9,مؤسسة الخليج العربي,UNRATED,82328381-4b11-4d80-ab94-44df72d573e5
2,2026-07-12,الأحد,الفترة الصباحية,1,EVENING,9,9,مؤسسة الخليج العربي,UNRATED,82328381-4b11-4d80-ab94-44df72d573e5
3,2026-07-20,الإثنين,الفترة المسائية,1,EVENING,9,9,مؤسسة الخليج العربي,UNRATED,82328381-4b11-4d80-ab94-44df72d573e5
4,2026-07-28,الثلاثاء,الفترة الصباحية,1,EVENING,9,9,مؤسسة الخليج العربي,UNRATED,82328381-4b11-4d80-ab94-44df72d573e5
1,2026-07-04,السبت,الفترة المسائية,1,EVENING,10,10,مؤسسة وادي بن علي,UNRATED,f407dea6-280c-4dc9-819c-4fad67d44c7c
2,2026-07-12,الأحد,الفترة الصباحية,1,EVENING,10,10,مؤسسة وادي بن علي,UNRATED,f407dea6-280c-4dc9-819c-4fad67d44c7c
3,2026-07-20,الإثنين,الفترة المسائية,1,EVENING,10,10,مؤسسة وادي بن علي,UNRATED,f407dea6-280c-4dc9-819c-4fad67d44c7c
4,2026-07-28,الثلاثاء,الفترة الصباحية,1,EVENING,10,10,مؤسسة وادي بن علي,UNRATED,f407dea6-280c-4dc9-819c-4fad67d44c7c
1,2026-07-04,السبت,الفترة المسائية,1,EVENING,11,1,مخازن بلقيس جميع الاقسام,UNRATED,2bca6c41-20a2-48d6-aaf6-90d48d0f21fb
2,2026-07-12,الأحد,الفترة الصباحية,1,EVENING,11,1,مخازن بلقيس جميع الاقسام,UNRATED,2bca6c41-20a2-48d6-aaf6-90d48d0f21fb
3,2026-07-20,الإثنين,الفترة المسائية,1,EVENING,11,1,مخازن بلقيس جميع الاقسام,UNRATED,2bca6c41-20a2-48d6-aaf6-90d48d0f21fb
4,2026-07-28,الثلاثاء,الفترة الصباحية,1,EVENING,11,1,مخازن بلقيس جميع الاقسام,UNRATED,2bca6c41-20a2-48d6-aaf6-90d48d0f21fb
1,2026-07-04,السبت,الفترة المسائية,1,EVENING,12,2,هيلثي فارما,UNRATED,1f6425cb-af87-414f-87dd-01a60ca65a48
2,2026-07-12,الأحد,الفترة الصباحية,1,EVENING,12,2,هيلثي فارما,UNRATED,1f6425cb-af87-414f-87dd-01a60ca65a48
3,2026-07-20,الإثنين,الفترة المسائية,1,EVENING,12,2,هيلثي فارما,UNRATED,1f6425cb-af87-414f-87dd-01a60ca65a48
4,2026-07-28,الثلاثاء,الفترة الصباحية,1,EVENING,12,2,هيلثي فارما,UNRATED,1f6425cb-af87-414f-87dd-01a60ca65a48
1,2026-07-05,الأحد,الفترة الصباحية,2,MORNING,1,1,ادفانس كير للأدوية,UNRATED,0b3b4692-b47c-489b-bdee-35c55089db61
2,2026-07-13,الإثنين,الفترة المسائية,2,MORNING,1,1,ادفانس كير للأدوية,UNRATED,0b3b4692-b47c-489b-bdee-35c55089db61
3,2026-07-21,الثلاثاء,الفترة الصباحية,2,MORNING,1,1,ادفانس كير للأدوية,UNRATED,0b3b4692-b47c-489b-bdee-35c55089db61
4,2026-07-29,الأربعاء,الفترة المسائية,2,MORNING,1,1,ادفانس كير للأدوية,UNRATED,0b3b4692-b47c-489b-bdee-35c55089db61
1,2026-07-05,الأحد,الفترة الصباحية,2,MORNING,2,2,الزغير فارما,UNRATED,dfd449e2-8267-4001-bef2-60138f7e8382
2,2026-07-13,الإثنين,الفترة المسائية,2,MORNING,2,2,الزغير فارما,UNRATED,dfd449e2-8267-4001-bef2-60138f7e8382
3,2026-07-21,الثلاثاء,الفترة الصباحية,2,MORNING,2,2,الزغير فارما,UNRATED,dfd449e2-8267-4001-bef2-60138f7e8382
4,2026-07-29,الأربعاء,الفترة المسائية,2,MORNING,2,2,الزغير فارما,UNRATED,dfd449e2-8267-4001-bef2-60138f7e8382
1,2026-07-05,الأحد,الفترة الصباحية,2,MORNING,3,3,الفهد فارما,UNRATED,7ee403ab-b25a-4152-8dd6-ab81c9ebe227
2,2026-07-13,الإثنين,الفترة المسائية,2,MORNING,3,3,الفهد فارما,UNRATED,7ee403ab-b25a-4152-8dd6-ab81c9ebe227
3,2026-07-21,الثلاثاء,الفترة الصباحية,2,MORNING,3,3,الفهد فارما,UNRATED,7ee403ab-b25a-4152-8dd6-ab81c9ebe227
4,2026-07-29,الأربعاء,الفترة المسائية,2,MORNING,3,3,الفهد فارما,UNRATED,7ee403ab-b25a-4152-8dd6-ab81c9ebe227
1,2026-07-05,الأحد,الفترة الصباحية,2,MORNING,4,4,الوطنية للأدوية,UNRATED,aa458955-cdfe-46d9-8b48-249716ce1d6c
2,2026-07-13,الإثنين,الفترة المسائية,2,MORNING,4,4,الوطنية للأدوية,UNRATED,aa458955-cdfe-46d9-8b48-249716ce1d6c
3,2026-07-21,الثلاثاء,الفترة الصباحية,2,MORNING,4,4,الوطنية للأدوية,UNRATED,aa458955-cdfe-46d9-8b48-249716ce1d6c
4,2026-07-29,الأربعاء,الفترة المسائية,2,MORNING,4,4,الوطنية للأدوية,UNRATED,aa458955-cdfe-46d9-8b48-249716ce1d6c
1,2026-07-05,الأحد,الفترة الصباحية,2,MORNING,5,5,ذا بست كير للأدوية,UNRATED,ff6469f8-e9a3-4a35-a6e2-7a7f7d73657e
2,2026-07-13,الإثنين,الفترة المسائية,2,MORNING,5,5,ذا بست كير للأدوية,UNRATED,ff6469f8-e9a3-4a35-a6e2-7a7f7d73657e
3,2026-07-21,الثلاثاء,الفترة الصباحية,2,MORNING,5,5,ذا بست كير للأدوية,UNRATED,ff6469f8-e9a3-4a35-a6e2-7a7f7d73657e
4,2026-07-29,الأربعاء,الفترة المسائية,2,MORNING,5,5,ذا بست كير للأدوية,UNRATED,ff6469f8-e9a3-4a35-a6e2-7a7f7d73657e
1,2026-07-05,الأحد,الفترة الصباحية,2,MORNING,6,6,شركة ارض الجنتين جميع الاقسام,UNRATED,8bb51a16-7138-4619-b6ef-9a6121b4b08d
2,2026-07-13,الإثنين,الفترة المسائية,2,MORNING,6,6,شركة ارض الجنتين جميع الاقسام,UNRATED,8bb51a16-7138-4619-b6ef-9a6121b4b08d
3,2026-07-21,الثلاثاء,الفترة الصباحية,2,MORNING,6,6,شركة ارض الجنتين جميع الاقسام,UNRATED,8bb51a16-7138-4619-b6ef-9a6121b4b08d
4,2026-07-29,الأربعاء,الفترة المسائية,2,MORNING,6,6,شركة ارض الجنتين جميع الاقسام,UNRATED,8bb51a16-7138-4619-b6ef-9a6121b4b08d
1,2026-07-05,الأحد,الفترة الصباحية,2,MORNING,7,7,شركة النهدي الطبية,UNRATED,b1388817-f132-4d84-a720-1f7f5f461128
2,2026-07-13,الإثنين,الفترة المسائية,2,MORNING,7,7,شركة النهدي الطبية,UNRATED,b1388817-f132-4d84-a720-1f7f5f461128
3,2026-07-21,الثلاثاء,الفترة الصباحية,2,MORNING,7,7,شركة النهدي الطبية,UNRATED,b1388817-f132-4d84-a720-1f7f5f461128
4,2026-07-29,الأربعاء,الفترة المسائية,2,MORNING,7,7,شركة النهدي الطبية,UNRATED,b1388817-f132-4d84-a720-1f7f5f461128
1,2026-07-05,الأحد,الفترة الصباحية,2,MORNING,8,8,شمس الجزيرة للأدوية,UNRATED,eafa85a4-7616-45e7-ae86-71bd3243dd10
2,2026-07-13,الإثنين,الفترة المسائية,2,MORNING,8,8,شمس الجزيرة للأدوية,UNRATED,eafa85a4-7616-45e7-ae86-71bd3243dd10
3,2026-07-21,الثلاثاء,الفترة الصباحية,2,MORNING,8,8,شمس الجزيرة للأدوية,UNRATED,eafa85a4-7616-45e7-ae86-71bd3243dd10
4,2026-07-29,الأربعاء,الفترة المسائية,2,MORNING,8,8,شمس الجزيرة للأدوية,UNRATED,eafa85a4-7616-45e7-ae86-71bd3243dd10
1,2026-07-05,الأحد,الفترة الصباحية,2,MORNING,9,9,مؤسسة الرمال للأدوية,UNRATED,bea88387-6b77-435b-a921-b5b30285b796
2,2026-07-13,الإثنين,الفترة المسائية,2,MORNING,9,9,مؤسسة الرمال للأدوية,UNRATED,bea88387-6b77-435b-a921-b5b30285b796
3,2026-07-21,الثلاثاء,الفترة الصباحية,2,MORNING,9,9,مؤسسة الرمال للأدوية,UNRATED,bea88387-6b77-435b-a921-b5b30285b796
4,2026-07-29,الأربعاء,الفترة المسائية,2,MORNING,9,9,مؤسسة الرمال للأدوية,UNRATED,bea88387-6b77-435b-a921-b5b30285b796
1,2026-07-05,الأحد,الفترة الصباحية,2,MORNING,10,10,ماف فارما للصناعات,UNRATED,31e0ad22-214b-4fe4-8737-aeaf848e5545
2,2026-07-13,الإثنين,الفترة المسائية,2,MORNING,10,10,ماف فارما للصناعات,UNRATED,31e0ad22-214b-4fe4-8737-aeaf848e5545
3,2026-07-21,الثلاثاء,الفترة الصباحية,2,MORNING,10,10,ماف فارما للصناعات,UNRATED,31e0ad22-214b-4fe4-8737-aeaf848e5545
4,2026-07-29,الأربعاء,الفترة المسائية,2,MORNING,10,10,ماف فارما للصناعات,UNRATED,31e0ad22-214b-4fe4-8737-aeaf848e5545
1,2026-07-05,الأحد,الفترة الصباحية,2,MORNING,11,1,مدينة سام للتجارة,UNRATED,b5b8e737-015d-48b4-84d7-5afcda7f4162
2,2026-07-13,الإثنين,الفترة المسائية,2,MORNING,11,1,مدينة سام للتجارة,UNRATED,b5b8e737-015d-48b4-84d7-5afcda7f4162
3,2026-07-21,الثلاثاء,الفترة الصباحية,2,MORNING,11,1,مدينة سام للتجارة,UNRATED,b5b8e737-015d-48b4-84d7-5afcda7f4162
4,2026-07-29,الأربعاء,الفترة المسائية,2,MORNING,11,1,مدينة سام للتجارة,UNRATED,b5b8e737-015d-48b4-84d7-5afcda7f4162
1,2026-07-05,الأحد,الفترة الصباحية,2,MORNING,12,2,وكالة ثمار الوفاء للأدوية,UNRATED,b0b31b76-17fc-4aa5-beac-4dde91bf1310
2,2026-07-13,الإثنين,الفترة المسائية,2,MORNING,12,2,وكالة ثمار الوفاء للأدوية,UNRATED,b0b31b76-17fc-4aa5-beac-4dde91bf1310
3,2026-07-21,الثلاثاء,الفترة الصباحية,2,MORNING,12,2,وكالة ثمار الوفاء للأدوية,UNRATED,b0b31b76-17fc-4aa5-beac-4dde91bf1310
4,2026-07-29,الأربعاء,الفترة المسائية,2,MORNING,12,2,وكالة ثمار الوفاء للأدوية,UNRATED,b0b31b76-17fc-4aa5-beac-4dde91bf1310
1,2026-07-05,الأحد,الفترة المسائية,2,EVENING,1,1,ارض الريادة للاستيراد,UNRATED,c6d8ede5-ccce-4972-9283-e8189e64ec4f
2,2026-07-13,الإثنين,الفترة الصباحية,2,EVENING,1,1,ارض الريادة للاستيراد,UNRATED,c6d8ede5-ccce-4972-9283-e8189e64ec4f
3,2026-07-21,الثلاثاء,الفترة المسائية,2,EVENING,1,1,ارض الريادة للاستيراد,UNRATED,c6d8ede5-ccce-4972-9283-e8189e64ec4f
4,2026-07-29,الأربعاء,الفترة الصباحية,2,EVENING,1,1,ارض الريادة للاستيراد,UNRATED,c6d8ede5-ccce-4972-9283-e8189e64ec4f
1,2026-07-05,الأحد,الفترة المسائية,2,EVENING,2,2,السريحي للأدوية,UNRATED,276bee2e-7351-4395-900c-b747e3005a84
2,2026-07-13,الإثنين,الفترة الصباحية,2,EVENING,2,2,السريحي للأدوية,UNRATED,276bee2e-7351-4395-900c-b747e3005a84
3,2026-07-21,الثلاثاء,الفترة المسائية,2,EVENING,2,2,السريحي للأدوية,UNRATED,276bee2e-7351-4395-900c-b747e3005a84
4,2026-07-29,الأربعاء,الفترة الصباحية,2,EVENING,2,2,السريحي للأدوية,UNRATED,276bee2e-7351-4395-900c-b747e3005a84
1,2026-07-05,الأحد,الفترة المسائية,2,EVENING,3,3,القاهرة لتجارة الأدوية,UNRATED,63447209-366a-4fc9-aaa9-7893ae8ea8d5
2,2026-07-13,الإثنين,الفترة الصباحية,2,EVENING,3,3,القاهرة لتجارة الأدوية,UNRATED,63447209-366a-4fc9-aaa9-7893ae8ea8d5
3,2026-07-21,الثلاثاء,الفترة المسائية,2,EVENING,3,3,القاهرة لتجارة الأدوية,UNRATED,63447209-366a-4fc9-aaa9-7893ae8ea8d5
4,2026-07-29,الأربعاء,الفترة الصباحية,2,EVENING,3,3,القاهرة لتجارة الأدوية,UNRATED,63447209-366a-4fc9-aaa9-7893ae8ea8d5
1,2026-07-05,الأحد,الفترة المسائية,2,EVENING,4,4,اميال قسم جلينمارك,UNRATED,ff6e90c9-84a4-49f1-a949-dd219fe4e70d
2,2026-07-13,الإثنين,الفترة الصباحية,2,EVENING,4,4,اميال قسم جلينمارك,UNRATED,ff6e90c9-84a4-49f1-a949-dd219fe4e70d
3,2026-07-21,الثلاثاء,الفترة المسائية,2,EVENING,4,4,اميال قسم جلينمارك,UNRATED,ff6e90c9-84a4-49f1-a949-dd219fe4e70d
4,2026-07-29,الأربعاء,الفترة الصباحية,2,EVENING,4,4,اميال قسم جلينمارك,UNRATED,ff6e90c9-84a4-49f1-a949-dd219fe4e70d
1,2026-07-05,الأحد,الفترة المسائية,2,EVENING,5,5,رواد الدواء,UNRATED,681f0425-2362-4738-adab-ede864948cdd
2,2026-07-13,الإثنين,الفترة الصباحية,2,EVENING,5,5,رواد الدواء,UNRATED,681f0425-2362-4738-adab-ede864948cdd
3,2026-07-21,الثلاثاء,الفترة المسائية,2,EVENING,5,5,رواد الدواء,UNRATED,681f0425-2362-4738-adab-ede864948cdd
4,2026-07-29,الأربعاء,الفترة الصباحية,2,EVENING,5,5,رواد الدواء,UNRATED,681f0425-2362-4738-adab-ede864948cdd
1,2026-07-05,الأحد,الفترة المسائية,2,EVENING,6,6,شركة الأمل الطبية,UNRATED,d6bbba91-c72f-4753-ad71-680336d4db24
2,2026-07-13,الإثنين,الفترة الصباحية,2,EVENING,6,6,شركة الأمل الطبية,UNRATED,d6bbba91-c72f-4753-ad71-680336d4db24
3,2026-07-21,الثلاثاء,الفترة المسائية,2,EVENING,6,6,شركة الأمل الطبية,UNRATED,d6bbba91-c72f-4753-ad71-680336d4db24
4,2026-07-29,الأربعاء,الفترة الصباحية,2,EVENING,6,6,شركة الأمل الطبية,UNRATED,d6bbba91-c72f-4753-ad71-680336d4db24
1,2026-07-05,الأحد,الفترة المسائية,2,EVENING,7,7,شركة اليمان فارما,UNRATED,f1cadd63-ea4a-44d2-8646-21eb24975187
2,2026-07-13,الإثنين,الفترة الصباحية,2,EVENING,7,7,شركة اليمان فارما,UNRATED,f1cadd63-ea4a-44d2-8646-21eb24975187
3,2026-07-21,الثلاثاء,الفترة المسائية,2,EVENING,7,7,شركة اليمان فارما,UNRATED,f1cadd63-ea4a-44d2-8646-21eb24975187
4,2026-07-29,الأربعاء,الفترة الصباحية,2,EVENING,7,7,شركة اليمان فارما,UNRATED,f1cadd63-ea4a-44d2-8646-21eb24975187
1,2026-07-05,الأحد,الفترة المسائية,2,EVENING,8,8,صيدلية الهلال جميع الاقسام,UNRATED,2ef723ed-d8cc-4eb6-bf0e-ac6fa4e2af0d
2,2026-07-13,الإثنين,الفترة الصباحية,2,EVENING,8,8,صيدلية الهلال جميع الاقسام,UNRATED,2ef723ed-d8cc-4eb6-bf0e-ac6fa4e2af0d
3,2026-07-21,الثلاثاء,الفترة المسائية,2,EVENING,8,8,صيدلية الهلال جميع الاقسام,UNRATED,2ef723ed-d8cc-4eb6-bf0e-ac6fa4e2af0d
4,2026-07-29,الأربعاء,الفترة الصباحية,2,EVENING,8,8,صيدلية الهلال جميع الاقسام,UNRATED,2ef723ed-d8cc-4eb6-bf0e-ac6fa4e2af0d
1,2026-07-05,الأحد,الفترة المسائية,2,EVENING,9,9,مؤسسة السعادة الطبية,UNRATED,4d8a393c-0948-450b-b37c-d5318ad524a9
2,2026-07-13,الإثنين,الفترة الصباحية,2,EVENING,9,9,مؤسسة السعادة الطبية,UNRATED,4d8a393c-0948-450b-b37c-d5318ad524a9
3,2026-07-21,الثلاثاء,الفترة المسائية,2,EVENING,9,9,مؤسسة السعادة الطبية,UNRATED,4d8a393c-0948-450b-b37c-d5318ad524a9
4,2026-07-29,الأربعاء,الفترة الصباحية,2,EVENING,9,9,مؤسسة السعادة الطبية,UNRATED,4d8a393c-0948-450b-b37c-d5318ad524a9
1,2026-07-05,الأحد,الفترة المسائية,2,EVENING,10,10,مجموعة الاتحاد للأدوية,UNRATED,85d06229-b474-45fb-8f35-dce6c1b1ec66
2,2026-07-13,الإثنين,الفترة الصباحية,2,EVENING,10,10,مجموعة الاتحاد للأدوية,UNRATED,85d06229-b474-45fb-8f35-dce6c1b1ec66
3,2026-07-21,الثلاثاء,الفترة المسائية,2,EVENING,10,10,مجموعة الاتحاد للأدوية,UNRATED,85d06229-b474-45fb-8f35-dce6c1b1ec66
4,2026-07-29,الأربعاء,الفترة الصباحية,2,EVENING,10,10,مجموعة الاتحاد للأدوية,UNRATED,85d06229-b474-45fb-8f35-dce6c1b1ec66
1,2026-07-05,الأحد,الفترة المسائية,2,EVENING,11,1,مسايا فارما للاستيراد,UNRATED,42153350-0ec8-4606-9260-49b699898e31
2,2026-07-13,الإثنين,الفترة الصباحية,2,EVENING,11,1,مسايا فارما للاستيراد,UNRATED,42153350-0ec8-4606-9260-49b699898e31
3,2026-07-21,الثلاثاء,الفترة المسائية,2,EVENING,11,1,مسايا فارما للاستيراد,UNRATED,42153350-0ec8-4606-9260-49b699898e31
4,2026-07-29,الأربعاء,الفترة الصباحية,2,EVENING,11,1,مسايا فارما للاستيراد,UNRATED,42153350-0ec8-4606-9260-49b699898e31
1,2026-07-06,الإثنين,الفترة الصباحية,3,MORNING,1,1,اصرار فارما,UNRATED,4aa78349-8d5c-4094-aa31-d0ff1f7c5881
2,2026-07-14,الثلاثاء,الفترة المسائية,3,MORNING,1,1,اصرار فارما,UNRATED,4aa78349-8d5c-4094-aa31-d0ff1f7c5881
3,2026-07-22,الأربعاء,الفترة الصباحية,3,MORNING,1,1,اصرار فارما,UNRATED,4aa78349-8d5c-4094-aa31-d0ff1f7c5881
4,2026-07-25,السبت,الفترة المسائية,3,MORNING,1,1,اصرار فارما,UNRATED,4aa78349-8d5c-4094-aa31-d0ff1f7c5881
1,2026-07-06,الإثنين,الفترة الصباحية,3,MORNING,2,2,الشركة الدوائية - التخصصية,UNRATED,8301924c-fd01-4bf4-ba88-8a26923428a5
2,2026-07-14,الثلاثاء,الفترة المسائية,3,MORNING,2,2,الشركة الدوائية - التخصصية,UNRATED,8301924c-fd01-4bf4-ba88-8a26923428a5
3,2026-07-22,الأربعاء,الفترة الصباحية,3,MORNING,2,2,الشركة الدوائية - التخصصية,UNRATED,8301924c-fd01-4bf4-ba88-8a26923428a5
4,2026-07-25,السبت,الفترة المسائية,3,MORNING,2,2,الشركة الدوائية - التخصصية,UNRATED,8301924c-fd01-4bf4-ba88-8a26923428a5
1,2026-07-06,الإثنين,الفترة الصباحية,3,MORNING,3,3,القفيلي للادوية,UNRATED,904b864b-f67b-4a4c-b1b4-6d8feea096e3
2,2026-07-14,الثلاثاء,الفترة المسائية,3,MORNING,3,3,القفيلي للادوية,UNRATED,904b864b-f67b-4a4c-b1b4-6d8feea096e3
3,2026-07-22,الأربعاء,الفترة الصباحية,3,MORNING,3,3,القفيلي للادوية,UNRATED,904b864b-f67b-4a4c-b1b4-6d8feea096e3
4,2026-07-25,السبت,الفترة المسائية,3,MORNING,3,3,القفيلي للادوية,UNRATED,904b864b-f67b-4a4c-b1b4-6d8feea096e3
1,2026-07-06,الإثنين,الفترة الصباحية,3,MORNING,4,4,اوسيشيتيد مديكال,UNRATED,eafb713c-52c7-4d58-8f6f-d0295db6db59
2,2026-07-14,الثلاثاء,الفترة المسائية,3,MORNING,4,4,اوسيشيتيد مديكال,UNRATED,eafb713c-52c7-4d58-8f6f-d0295db6db59
3,2026-07-22,الأربعاء,الفترة الصباحية,3,MORNING,4,4,اوسيشيتيد مديكال,UNRATED,eafb713c-52c7-4d58-8f6f-d0295db6db59
4,2026-07-25,السبت,الفترة المسائية,3,MORNING,4,4,اوسيشيتيد مديكال,UNRATED,eafb713c-52c7-4d58-8f6f-d0295db6db59
1,2026-07-06,الإثنين,الفترة الصباحية,3,MORNING,5,5,رويال فارما التخصصية,UNRATED,47c246d0-02df-40ef-81e1-911af7e21501
2,2026-07-14,الثلاثاء,الفترة المسائية,3,MORNING,5,5,رويال فارما التخصصية,UNRATED,47c246d0-02df-40ef-81e1-911af7e21501
3,2026-07-22,الأربعاء,الفترة الصباحية,3,MORNING,5,5,رويال فارما التخصصية,UNRATED,47c246d0-02df-40ef-81e1-911af7e21501
4,2026-07-25,السبت,الفترة المسائية,3,MORNING,5,5,رويال فارما التخصصية,UNRATED,47c246d0-02df-40ef-81e1-911af7e21501
1,2026-07-06,الإثنين,الفترة الصباحية,3,MORNING,6,6,شركة الرباط فارما,UNRATED,6fe2f595-7331-49a6-9f8d-d328efb920af
2,2026-07-14,الثلاثاء,الفترة المسائية,3,MORNING,6,6,شركة الرباط فارما,UNRATED,6fe2f595-7331-49a6-9f8d-d328efb920af
3,2026-07-22,الأربعاء,الفترة الصباحية,3,MORNING,6,6,شركة الرباط فارما,UNRATED,6fe2f595-7331-49a6-9f8d-d328efb920af
4,2026-07-25,السبت,الفترة المسائية,3,MORNING,6,6,شركة الرباط فارما,UNRATED,6fe2f595-7331-49a6-9f8d-d328efb920af
1,2026-07-06,الإثنين,الفترة الصباحية,3,MORNING,7,7,شركة الين للادوية,UNRATED,048a6b91-2e5d-4ab7-b051-96e4ab96a3cc
2,2026-07-14,الثلاثاء,الفترة المسائية,3,MORNING,7,7,شركة الين للادوية,UNRATED,048a6b91-2e5d-4ab7-b051-96e4ab96a3cc
3,2026-07-22,الأربعاء,الفترة الصباحية,3,MORNING,7,7,شركة الين للادوية,UNRATED,048a6b91-2e5d-4ab7-b051-96e4ab96a3cc
4,2026-07-25,السبت,الفترة المسائية,3,MORNING,7,7,شركة الين للادوية,UNRATED,048a6b91-2e5d-4ab7-b051-96e4ab96a3cc
1,2026-07-06,الإثنين,الفترة الصباحية,3,MORNING,8,8,عدينة فارما للأدوية,UNRATED,62d94ab8-ad6f-4889-b393-726ea4634642
2,2026-07-14,الثلاثاء,الفترة المسائية,3,MORNING,8,8,عدينة فارما للأدوية,UNRATED,62d94ab8-ad6f-4889-b393-726ea4634642
3,2026-07-22,الأربعاء,الفترة الصباحية,3,MORNING,8,8,عدينة فارما للأدوية,UNRATED,62d94ab8-ad6f-4889-b393-726ea4634642
4,2026-07-25,السبت,الفترة المسائية,3,MORNING,8,8,عدينة فارما للأدوية,UNRATED,62d94ab8-ad6f-4889-b393-726ea4634642
1,2026-07-06,الإثنين,الفترة الصباحية,3,MORNING,9,9,مؤسسة العنتري للأدوية,UNRATED,b07bcf00-fa12-4430-ab82-9e2af03e0988
2,2026-07-14,الثلاثاء,الفترة المسائية,3,MORNING,9,9,مؤسسة العنتري للأدوية,UNRATED,b07bcf00-fa12-4430-ab82-9e2af03e0988
3,2026-07-22,الأربعاء,الفترة الصباحية,3,MORNING,9,9,مؤسسة العنتري للأدوية,UNRATED,b07bcf00-fa12-4430-ab82-9e2af03e0988
4,2026-07-25,السبت,الفترة المسائية,3,MORNING,9,9,مؤسسة العنتري للأدوية,UNRATED,b07bcf00-fa12-4430-ab82-9e2af03e0988
1,2026-07-06,الإثنين,الفترة الصباحية,3,MORNING,10,10,مجموعة النمر للتجارة,UNRATED,cf86ca20-5c0e-4454-8616-9f273b5e4018
2,2026-07-14,الثلاثاء,الفترة المسائية,3,MORNING,10,10,مجموعة النمر للتجارة,UNRATED,cf86ca20-5c0e-4454-8616-9f273b5e4018
3,2026-07-22,الأربعاء,الفترة الصباحية,3,MORNING,10,10,مجموعة النمر للتجارة,UNRATED,cf86ca20-5c0e-4454-8616-9f273b5e4018
4,2026-07-25,السبت,الفترة المسائية,3,MORNING,10,10,مجموعة النمر للتجارة,UNRATED,cf86ca20-5c0e-4454-8616-9f273b5e4018
1,2026-07-06,الإثنين,الفترة الصباحية,3,MORNING,11,1,منير علي للاستيراد,UNRATED,a4f2d025-108f-400d-9923-4d4adc6e70cf
2,2026-07-14,الثلاثاء,الفترة المسائية,3,MORNING,11,1,منير علي للاستيراد,UNRATED,a4f2d025-108f-400d-9923-4d4adc6e70cf
3,2026-07-22,الأربعاء,الفترة الصباحية,3,MORNING,11,1,منير علي للاستيراد,UNRATED,a4f2d025-108f-400d-9923-4d4adc6e70cf
4,2026-07-25,السبت,الفترة المسائية,3,MORNING,11,1,منير علي للاستيراد,UNRATED,a4f2d025-108f-400d-9923-4d4adc6e70cf
1,2026-07-06,الإثنين,الفترة المسائية,3,EVENING,1,1,الأسدين فارما,UNRATED,8fcbcd4e-bdf3-4d60-b100-f20f67f021c9
2,2026-07-14,الثلاثاء,الفترة الصباحية,3,EVENING,1,1,الأسدين فارما,UNRATED,8fcbcd4e-bdf3-4d60-b100-f20f67f021c9
3,2026-07-22,الأربعاء,الفترة المسائية,3,EVENING,1,1,الأسدين فارما,UNRATED,8fcbcd4e-bdf3-4d60-b100-f20f67f021c9
4,2026-07-25,السبت,الفترة الصباحية,3,EVENING,1,1,الأسدين فارما,UNRATED,8fcbcd4e-bdf3-4d60-b100-f20f67f021c9
1,2026-07-06,الإثنين,الفترة المسائية,3,EVENING,2,2,الشركة العالمية - قطاع فارما,UNRATED,52055b2c-b19d-4d39-850a-45a588484eb4
2,2026-07-14,الثلاثاء,الفترة الصباحية,3,EVENING,2,2,الشركة العالمية - قطاع فارما,UNRATED,52055b2c-b19d-4d39-850a-45a588484eb4
3,2026-07-22,الأربعاء,الفترة المسائية,3,EVENING,2,2,الشركة العالمية - قطاع فارما,UNRATED,52055b2c-b19d-4d39-850a-45a588484eb4
4,2026-07-25,السبت,الفترة الصباحية,3,EVENING,2,2,الشركة العالمية - قطاع فارما,UNRATED,52055b2c-b19d-4d39-850a-45a588484eb4
1,2026-07-06,الإثنين,الفترة المسائية,3,EVENING,3,3,المؤسسة المتحدة للأدوية,UNRATED,78bb59a0-e4a0-4021-9ba2-86cc7a4f3f7d
2,2026-07-14,الثلاثاء,الفترة الصباحية,3,EVENING,3,3,المؤسسة المتحدة للأدوية,UNRATED,78bb59a0-e4a0-4021-9ba2-86cc7a4f3f7d
3,2026-07-22,الأربعاء,الفترة المسائية,3,EVENING,3,3,المؤسسة المتحدة للأدوية,UNRATED,78bb59a0-e4a0-4021-9ba2-86cc7a4f3f7d
4,2026-07-25,السبت,الفترة الصباحية,3,EVENING,3,3,المؤسسة المتحدة للأدوية,UNRATED,78bb59a0-e4a0-4021-9ba2-86cc7a4f3f7d
1,2026-07-06,الإثنين,الفترة المسائية,3,EVENING,4,4,اي في فارما للأدوية,UNRATED,ae2b72af-9e6d-429d-9445-2b9d967d0c10
2,2026-07-14,الثلاثاء,الفترة الصباحية,3,EVENING,4,4,اي في فارما للأدوية,UNRATED,ae2b72af-9e6d-429d-9445-2b9d967d0c10
3,2026-07-22,الأربعاء,الفترة المسائية,3,EVENING,4,4,اي في فارما للأدوية,UNRATED,ae2b72af-9e6d-429d-9445-2b9d967d0c10
4,2026-07-25,السبت,الفترة الصباحية,3,EVENING,4,4,اي في فارما للأدوية,UNRATED,ae2b72af-9e6d-429d-9445-2b9d967d0c10
1,2026-07-06,الإثنين,الفترة المسائية,3,EVENING,5,5,ريدان بن عباس,UNRATED,392114d5-d77e-4b64-83e8-4af41f7ebba3
2,2026-07-14,الثلاثاء,الفترة الصباحية,3,EVENING,5,5,ريدان بن عباس,UNRATED,392114d5-d77e-4b64-83e8-4af41f7ebba3
3,2026-07-22,الأربعاء,الفترة المسائية,3,EVENING,5,5,ريدان بن عباس,UNRATED,392114d5-d77e-4b64-83e8-4af41f7ebba3
4,2026-07-25,السبت,الفترة الصباحية,3,EVENING,5,5,ريدان بن عباس,UNRATED,392114d5-d77e-4b64-83e8-4af41f7ebba3
1,2026-07-06,الإثنين,الفترة المسائية,3,EVENING,6,6,شركة الرشيد للأدوية,UNRATED,c63e4108-6186-4027-80b8-b44b4d672244
2,2026-07-14,الثلاثاء,الفترة الصباحية,3,EVENING,6,6,شركة الرشيد للأدوية,UNRATED,c63e4108-6186-4027-80b8-b44b4d672244
3,2026-07-22,الأربعاء,الفترة المسائية,3,EVENING,6,6,شركة الرشيد للأدوية,UNRATED,c63e4108-6186-4027-80b8-b44b4d672244
4,2026-07-25,السبت,الفترة الصباحية,3,EVENING,6,6,شركة الرشيد للأدوية,UNRATED,c63e4108-6186-4027-80b8-b44b4d672244
1,2026-07-06,الإثنين,الفترة المسائية,3,EVENING,7,7,شركة حضرموت الوادي,UNRATED,bbefd013-69ce-4c6f-b7df-924ebb0a01ce
2,2026-07-14,الثلاثاء,الفترة الصباحية,3,EVENING,7,7,شركة حضرموت الوادي,UNRATED,bbefd013-69ce-4c6f-b7df-924ebb0a01ce
3,2026-07-22,الأربعاء,الفترة المسائية,3,EVENING,7,7,شركة حضرموت الوادي,UNRATED,bbefd013-69ce-4c6f-b7df-924ebb0a01ce
4,2026-07-25,السبت,الفترة الصباحية,3,EVENING,7,7,شركة حضرموت الوادي,UNRATED,bbefd013-69ce-4c6f-b7df-924ebb0a01ce
1,2026-07-06,الإثنين,الفترة المسائية,3,EVENING,8,8,فارما المحدودة / ناتكو,UNRATED,75b72db3-e9a0-450b-a8e0-a40ff9d68906
2,2026-07-14,الثلاثاء,الفترة الصباحية,3,EVENING,8,8,فارما المحدودة / ناتكو,UNRATED,75b72db3-e9a0-450b-a8e0-a40ff9d68906
3,2026-07-22,الأربعاء,الفترة المسائية,3,EVENING,8,8,فارما المحدودة / ناتكو,UNRATED,75b72db3-e9a0-450b-a8e0-a40ff9d68906
4,2026-07-25,السبت,الفترة الصباحية,3,EVENING,8,8,فارما المحدودة / ناتكو,UNRATED,75b72db3-e9a0-450b-a8e0-a40ff9d68906
1,2026-07-06,الإثنين,الفترة المسائية,3,EVENING,9,9,مؤسسة المداني,UNRATED,2a284bdb-2668-47ab-8176-8726c42a05bf
2,2026-07-14,الثلاثاء,الفترة الصباحية,3,EVENING,9,9,مؤسسة المداني,UNRATED,2a284bdb-2668-47ab-8176-8726c42a05bf
3,2026-07-22,الأربعاء,الفترة المسائية,3,EVENING,9,9,مؤسسة المداني,UNRATED,2a284bdb-2668-47ab-8176-8726c42a05bf
4,2026-07-25,السبت,الفترة الصباحية,3,EVENING,9,9,مؤسسة المداني,UNRATED,2a284bdb-2668-47ab-8176-8726c42a05bf
1,2026-07-06,الإثنين,الفترة المسائية,3,EVENING,10,10,محدب ميديكال,UNRATED,fb4db9ec-8c9c-4e41-9849-8bd53f014dc4
2,2026-07-14,الثلاثاء,الفترة الصباحية,3,EVENING,10,10,محدب ميديكال,UNRATED,fb4db9ec-8c9c-4e41-9849-8bd53f014dc4
3,2026-07-22,الأربعاء,الفترة المسائية,3,EVENING,10,10,محدب ميديكال,UNRATED,fb4db9ec-8c9c-4e41-9849-8bd53f014dc4
4,2026-07-25,السبت,الفترة الصباحية,3,EVENING,10,10,محدب ميديكال,UNRATED,fb4db9ec-8c9c-4e41-9849-8bd53f014dc4
1,2026-07-06,الإثنين,الفترة المسائية,3,EVENING,11,1,مياس فارما للتجارة,UNRATED,bdd13144-98d6-4e52-ba04-284f973d1a3a
2,2026-07-14,الثلاثاء,الفترة الصباحية,3,EVENING,11,1,مياس فارما للتجارة,UNRATED,bdd13144-98d6-4e52-ba04-284f973d1a3a
3,2026-07-22,الأربعاء,الفترة المسائية,3,EVENING,11,1,مياس فارما للتجارة,UNRATED,bdd13144-98d6-4e52-ba04-284f973d1a3a
4,2026-07-25,السبت,الفترة الصباحية,3,EVENING,11,1,مياس فارما للتجارة,UNRATED,bdd13144-98d6-4e52-ba04-284f973d1a3a
1,2026-07-07,الثلاثاء,الفترة الصباحية,4,MORNING,1,1,التخصصية فارما,UNRATED,c127985a-4518-4055-9ed8-1289bcd318e2
2,2026-07-15,الأربعاء,الفترة المسائية,4,MORNING,1,1,التخصصية فارما,UNRATED,c127985a-4518-4055-9ed8-1289bcd318e2
3,2026-07-18,السبت,الفترة الصباحية,4,MORNING,1,1,التخصصية فارما,UNRATED,c127985a-4518-4055-9ed8-1289bcd318e2
4,2026-07-26,الأحد,الفترة المسائية,4,MORNING,1,1,التخصصية فارما,UNRATED,c127985a-4518-4055-9ed8-1289bcd318e2
1,2026-07-07,الثلاثاء,الفترة الصباحية,4,MORNING,2,2,الشركة العربية (ABC),UNRATED,c44fdcb0-3dad-40f3-a524-f6839d63b651
2,2026-07-15,الأربعاء,الفترة المسائية,4,MORNING,2,2,الشركة العربية (ABC),UNRATED,c44fdcb0-3dad-40f3-a524-f6839d63b651
3,2026-07-18,السبت,الفترة الصباحية,4,MORNING,2,2,الشركة العربية (ABC),UNRATED,c44fdcb0-3dad-40f3-a524-f6839d63b651
4,2026-07-26,الأحد,الفترة المسائية,4,MORNING,2,2,الشركة العربية (ABC),UNRATED,c44fdcb0-3dad-40f3-a524-f6839d63b651
1,2026-07-07,الثلاثاء,الفترة الصباحية,4,MORNING,3,3,المؤسسة المتقدمة - بيزلين,UNRATED,88a850d2-8d2d-4a47-a7ef-022ee7fb3002
2,2026-07-15,الأربعاء,الفترة المسائية,4,MORNING,3,3,المؤسسة المتقدمة - بيزلين,UNRATED,88a850d2-8d2d-4a47-a7ef-022ee7fb3002
3,2026-07-18,السبت,الفترة الصباحية,4,MORNING,3,3,المؤسسة المتقدمة - بيزلين,UNRATED,88a850d2-8d2d-4a47-a7ef-022ee7fb3002
4,2026-07-26,الأحد,الفترة المسائية,4,MORNING,3,3,المؤسسة المتقدمة - بيزلين,UNRATED,88a850d2-8d2d-4a47-a7ef-022ee7fb3002
1,2026-07-07,الثلاثاء,الفترة الصباحية,4,MORNING,4,4,بريميم كير للأدوية,UNRATED,cf8d097a-84e3-4c3a-9091-4668cba41a42
2,2026-07-15,الأربعاء,الفترة المسائية,4,MORNING,4,4,بريميم كير للأدوية,UNRATED,cf8d097a-84e3-4c3a-9091-4668cba41a42
3,2026-07-18,السبت,الفترة الصباحية,4,MORNING,4,4,بريميم كير للأدوية,UNRATED,cf8d097a-84e3-4c3a-9091-4668cba41a42
4,2026-07-26,الأحد,الفترة المسائية,4,MORNING,4,4,بريميم كير للأدوية,UNRATED,cf8d097a-84e3-4c3a-9091-4668cba41a42
1,2026-07-07,الثلاثاء,الفترة الصباحية,4,MORNING,5,5,ريمان فارما,UNRATED,f6ec1454-d09f-48e3-a9aa-384c3da13fe2
2,2026-07-15,الأربعاء,الفترة المسائية,4,MORNING,5,5,ريمان فارما,UNRATED,f6ec1454-d09f-48e3-a9aa-384c3da13fe2
3,2026-07-18,السبت,الفترة الصباحية,4,MORNING,5,5,ريمان فارما,UNRATED,f6ec1454-d09f-48e3-a9aa-384c3da13fe2
4,2026-07-26,الأحد,الفترة المسائية,4,MORNING,5,5,ريمان فارما,UNRATED,f6ec1454-d09f-48e3-a9aa-384c3da13fe2
1,2026-07-07,الثلاثاء,الفترة الصباحية,4,MORNING,6,6,شركة الشرق للأدوية,UNRATED,4d0855e5-673b-4198-87b3-772c497e20d4
2,2026-07-15,الأربعاء,الفترة المسائية,4,MORNING,6,6,شركة الشرق للأدوية,UNRATED,4d0855e5-673b-4198-87b3-772c497e20d4
3,2026-07-18,السبت,الفترة الصباحية,4,MORNING,6,6,شركة الشرق للأدوية,UNRATED,4d0855e5-673b-4198-87b3-772c497e20d4
4,2026-07-26,الأحد,الفترة المسائية,4,MORNING,6,6,شركة الشرق للأدوية,UNRATED,4d0855e5-673b-4198-87b3-772c497e20d4
1,2026-07-07,الثلاثاء,الفترة الصباحية,4,MORNING,7,7,شركة سوكر للأدوية,UNRATED,14152a7f-93ee-44b2-95fb-11e8148027a5
2,2026-07-15,الأربعاء,الفترة المسائية,4,MORNING,7,7,شركة سوكر للأدوية,UNRATED,14152a7f-93ee-44b2-95fb-11e8148027a5
3,2026-07-18,السبت,الفترة الصباحية,4,MORNING,7,7,شركة سوكر للأدوية,UNRATED,14152a7f-93ee-44b2-95fb-11e8148027a5
4,2026-07-26,الأحد,الفترة المسائية,4,MORNING,7,7,شركة سوكر للأدوية,UNRATED,14152a7f-93ee-44b2-95fb-11e8148027a5
1,2026-07-07,الثلاثاء,الفترة الصباحية,4,MORNING,8,8,فاست برو هيلث,UNRATED,107d252d-694d-44ff-84b3-1e84b89fd545
2,2026-07-15,الأربعاء,الفترة المسائية,4,MORNING,8,8,فاست برو هيلث,UNRATED,107d252d-694d-44ff-84b3-1e84b89fd545
3,2026-07-18,السبت,الفترة الصباحية,4,MORNING,8,8,فاست برو هيلث,UNRATED,107d252d-694d-44ff-84b3-1e84b89fd545
4,2026-07-26,الأحد,الفترة المسائية,4,MORNING,8,8,فاست برو هيلث,UNRATED,107d252d-694d-44ff-84b3-1e84b89fd545
1,2026-07-07,الثلاثاء,الفترة الصباحية,4,MORNING,9,9,مؤسسة المدينة,UNRATED,b6dfe508-2365-4182-a22a-5614f3342102
2,2026-07-15,الأربعاء,الفترة المسائية,4,MORNING,9,9,مؤسسة المدينة,UNRATED,b6dfe508-2365-4182-a22a-5614f3342102
3,2026-07-18,السبت,الفترة الصباحية,4,MORNING,9,9,مؤسسة المدينة,UNRATED,b6dfe508-2365-4182-a22a-5614f3342102
4,2026-07-26,الأحد,الفترة المسائية,4,MORNING,9,9,مؤسسة المدينة,UNRATED,b6dfe508-2365-4182-a22a-5614f3342102
1,2026-07-07,الثلاثاء,الفترة الصباحية,4,MORNING,10,10,محلات ابو جرير,UNRATED,d1b9fce5-a2f7-4fd8-b1bc-bb744e799be3
2,2026-07-15,الأربعاء,الفترة المسائية,4,MORNING,10,10,محلات ابو جرير,UNRATED,d1b9fce5-a2f7-4fd8-b1bc-bb744e799be3
3,2026-07-18,السبت,الفترة الصباحية,4,MORNING,10,10,محلات ابو جرير,UNRATED,d1b9fce5-a2f7-4fd8-b1bc-bb744e799be3
4,2026-07-26,الأحد,الفترة المسائية,4,MORNING,10,10,محلات ابو جرير,UNRATED,d1b9fce5-a2f7-4fd8-b1bc-bb744e799be3
1,2026-07-07,الثلاثاء,الفترة الصباحية,4,MORNING,11,1,ميد واي للأدوية,UNRATED,cc1fb620-e500-4c93-b6f1-25fc880fbadd
2,2026-07-15,الأربعاء,الفترة المسائية,4,MORNING,11,1,ميد واي للأدوية,UNRATED,cc1fb620-e500-4c93-b6f1-25fc880fbadd
3,2026-07-18,السبت,الفترة الصباحية,4,MORNING,11,1,ميد واي للأدوية,UNRATED,cc1fb620-e500-4c93-b6f1-25fc880fbadd
4,2026-07-26,الأحد,الفترة المسائية,4,MORNING,11,1,ميد واي للأدوية,UNRATED,cc1fb620-e500-4c93-b6f1-25fc880fbadd
1,2026-07-07,الثلاثاء,الفترة المسائية,4,EVENING,1,1,الثقة فارما,UNRATED,64331294-d676-429d-9244-a4b37e0700cd
2,2026-07-15,الأربعاء,الفترة الصباحية,4,EVENING,1,1,الثقة فارما,UNRATED,64331294-d676-429d-9244-a4b37e0700cd
3,2026-07-18,السبت,الفترة المسائية,4,EVENING,1,1,الثقة فارما,UNRATED,64331294-d676-429d-9244-a4b37e0700cd
4,2026-07-26,الأحد,الفترة الصباحية,4,EVENING,1,1,الثقة فارما,UNRATED,64331294-d676-429d-9244-a4b37e0700cd
1,2026-07-07,الثلاثاء,الفترة المسائية,4,EVENING,2,2,الشركة العربية للأدوية,UNRATED,4443a343-7dcf-469b-9e0d-eb38703afe30
2,2026-07-15,الأربعاء,الفترة الصباحية,4,EVENING,2,2,الشركة العربية للأدوية,UNRATED,4443a343-7dcf-469b-9e0d-eb38703afe30
3,2026-07-18,السبت,الفترة المسائية,4,EVENING,2,2,الشركة العربية للأدوية,UNRATED,4443a343-7dcf-469b-9e0d-eb38703afe30
4,2026-07-26,الأحد,الفترة الصباحية,4,EVENING,2,2,الشركة العربية للأدوية,UNRATED,4443a343-7dcf-469b-9e0d-eb38703afe30
1,2026-07-07,الثلاثاء,الفترة المسائية,4,EVENING,3,3,المعالي ميديكال,UNRATED,8d0d1997-b800-49a5-9bd9-efdef782a896
2,2026-07-15,الأربعاء,الفترة الصباحية,4,EVENING,3,3,المعالي ميديكال,UNRATED,8d0d1997-b800-49a5-9bd9-efdef782a896
3,2026-07-18,السبت,الفترة المسائية,4,EVENING,3,3,المعالي ميديكال,UNRATED,8d0d1997-b800-49a5-9bd9-efdef782a896
4,2026-07-26,الأحد,الفترة الصباحية,4,EVENING,3,3,المعالي ميديكال,UNRATED,8d0d1997-b800-49a5-9bd9-efdef782a896
1,2026-07-07,الثلاثاء,الفترة المسائية,4,EVENING,4,4,بيور ديرمالاب,UNRATED,aaa286d1-e571-48c7-bdb0-934669efe9c1
2,2026-07-15,الأربعاء,الفترة الصباحية,4,EVENING,4,4,بيور ديرمالاب,UNRATED,aaa286d1-e571-48c7-bdb0-934669efe9c1
3,2026-07-18,السبت,الفترة المسائية,4,EVENING,4,4,بيور ديرمالاب,UNRATED,aaa286d1-e571-48c7-bdb0-934669efe9c1
4,2026-07-26,الأحد,الفترة الصباحية,4,EVENING,4,4,بيور ديرمالاب,UNRATED,aaa286d1-e571-48c7-bdb0-934669efe9c1
1,2026-07-07,الثلاثاء,الفترة المسائية,4,EVENING,5,5,سافا فارما,UNRATED,80229ff8-9293-4384-bacc-d4aadab74d6c
2,2026-07-15,الأربعاء,الفترة الصباحية,4,EVENING,5,5,سافا فارما,UNRATED,80229ff8-9293-4384-bacc-d4aadab74d6c
3,2026-07-18,السبت,الفترة المسائية,4,EVENING,5,5,سافا فارما,UNRATED,80229ff8-9293-4384-bacc-d4aadab74d6c
4,2026-07-26,الأحد,الفترة الصباحية,4,EVENING,5,5,سافا فارما,UNRATED,80229ff8-9293-4384-bacc-d4aadab74d6c
1,2026-07-07,الثلاثاء,الفترة المسائية,4,EVENING,6,6,شركة العابد جميع الاقسام,UNRATED,06d22a10-e051-4496-aae1-4ce4ce01455d
2,2026-07-15,الأربعاء,الفترة الصباحية,4,EVENING,6,6,شركة العابد جميع الاقسام,UNRATED,06d22a10-e051-4496-aae1-4ce4ce01455d
3,2026-07-18,السبت,الفترة المسائية,4,EVENING,6,6,شركة العابد جميع الاقسام,UNRATED,06d22a10-e051-4496-aae1-4ce4ce01455d
4,2026-07-26,الأحد,الفترة الصباحية,4,EVENING,6,6,شركة العابد جميع الاقسام,UNRATED,06d22a10-e051-4496-aae1-4ce4ce01455d
1,2026-07-07,الثلاثاء,الفترة المسائية,4,EVENING,7,7,شركة شام فارما,UNRATED,85f9b7a8-b500-41b6-a29b-fe97116fa596
2,2026-07-15,الأربعاء,الفترة الصباحية,4,EVENING,7,7,شركة شام فارما,UNRATED,85f9b7a8-b500-41b6-a29b-fe97116fa596
3,2026-07-18,السبت,الفترة المسائية,4,EVENING,7,7,شركة شام فارما,UNRATED,85f9b7a8-b500-41b6-a29b-fe97116fa596
4,2026-07-26,الأحد,الفترة الصباحية,4,EVENING,7,7,شركة شام فارما,UNRATED,85f9b7a8-b500-41b6-a29b-fe97116fa596
1,2026-07-07,الثلاثاء,الفترة المسائية,4,EVENING,8,8,فواصل فارما,UNRATED,6f5aba6f-9f84-4167-8723-f5b5add0d0ff
2,2026-07-15,الأربعاء,الفترة الصباحية,4,EVENING,8,8,فواصل فارما,UNRATED,6f5aba6f-9f84-4167-8723-f5b5add0d0ff
3,2026-07-18,السبت,الفترة المسائية,4,EVENING,8,8,فواصل فارما,UNRATED,6f5aba6f-9f84-4167-8723-f5b5add0d0ff
4,2026-07-26,الأحد,الفترة الصباحية,4,EVENING,8,8,فواصل فارما,UNRATED,6f5aba6f-9f84-4167-8723-f5b5add0d0ff
1,2026-07-07,الثلاثاء,الفترة المسائية,4,EVENING,9,9,مؤسسة بن معمر للأدوية,UNRATED,d1af25eb-ef21-44a7-a60f-773136d8a12a
2,2026-07-15,الأربعاء,الفترة الصباحية,4,EVENING,9,9,مؤسسة بن معمر للأدوية,UNRATED,d1af25eb-ef21-44a7-a60f-773136d8a12a
3,2026-07-18,السبت,الفترة المسائية,4,EVENING,9,9,مؤسسة بن معمر للأدوية,UNRATED,d1af25eb-ef21-44a7-a60f-773136d8a12a
4,2026-07-26,الأحد,الفترة الصباحية,4,EVENING,9,9,مؤسسة بن معمر للأدوية,UNRATED,d1af25eb-ef21-44a7-a60f-773136d8a12a
1,2026-07-07,الثلاثاء,الفترة المسائية,4,EVENING,10,10,محلات المنصوب,UNRATED,7a2d5014-e62c-4fb1-9b1a-a47f3d98d5ef
2,2026-07-15,الأربعاء,الفترة الصباحية,4,EVENING,10,10,محلات المنصوب,UNRATED,7a2d5014-e62c-4fb1-9b1a-a47f3d98d5ef
3,2026-07-18,السبت,الفترة المسائية,4,EVENING,10,10,محلات المنصوب,UNRATED,7a2d5014-e62c-4fb1-9b1a-a47f3d98d5ef
4,2026-07-26,الأحد,الفترة الصباحية,4,EVENING,10,10,محلات المنصوب,UNRATED,7a2d5014-e62c-4fb1-9b1a-a47f3d98d5ef
1,2026-07-07,الثلاثاء,الفترة المسائية,4,EVENING,11,1,ميديكا للصناعات الدوائية,UNRATED,c8c06848-bfdf-4cef-822c-b8c9af7b8a6e
2,2026-07-15,الأربعاء,الفترة الصباحية,4,EVENING,11,1,ميديكا للصناعات الدوائية,UNRATED,c8c06848-bfdf-4cef-822c-b8c9af7b8a6e
3,2026-07-18,السبت,الفترة المسائية,4,EVENING,11,1,ميديكا للصناعات الدوائية,UNRATED,c8c06848-bfdf-4cef-822c-b8c9af7b8a6e
4,2026-07-26,الأحد,الفترة الصباحية,4,EVENING,11,1,ميديكا للصناعات الدوائية,UNRATED,c8c06848-bfdf-4cef-822c-b8c9af7b8a6e
1,2026-07-08,الأربعاء,الفترة الصباحية,5,MORNING,1,1,الجبل جميع الاقسام,UNRATED,4f9697d5-a6bc-4baf-9807-02e1f45d0a78
2,2026-07-11,السبت,الفترة المسائية,5,MORNING,1,1,الجبل جميع الاقسام,UNRATED,4f9697d5-a6bc-4baf-9807-02e1f45d0a78
3,2026-07-19,الأحد,الفترة الصباحية,5,MORNING,1,1,الجبل جميع الاقسام,UNRATED,4f9697d5-a6bc-4baf-9807-02e1f45d0a78
4,2026-07-27,الإثنين,الفترة المسائية,5,MORNING,1,1,الجبل جميع الاقسام,UNRATED,4f9697d5-a6bc-4baf-9807-02e1f45d0a78
1,2026-07-08,الأربعاء,الفترة الصباحية,5,MORNING,2,2,الشركة اليمنية المصرية,UNRATED,26621ea5-bc0d-43c1-82a2-3951a946b0d3
2,2026-07-11,السبت,الفترة المسائية,5,MORNING,2,2,الشركة اليمنية المصرية,UNRATED,26621ea5-bc0d-43c1-82a2-3951a946b0d3
3,2026-07-19,الأحد,الفترة الصباحية,5,MORNING,2,2,الشركة اليمنية المصرية,UNRATED,26621ea5-bc0d-43c1-82a2-3951a946b0d3
4,2026-07-27,الإثنين,الفترة المسائية,5,MORNING,2,2,الشركة اليمنية المصرية,UNRATED,26621ea5-bc0d-43c1-82a2-3951a946b0d3
1,2026-07-08,الأربعاء,الفترة الصباحية,5,MORNING,3,3,المفضل جميع الاقسام,UNRATED,f942e0f1-2ec6-45a9-8770-cbc77aa1c405
2,2026-07-11,السبت,الفترة المسائية,5,MORNING,3,3,المفضل جميع الاقسام,UNRATED,f942e0f1-2ec6-45a9-8770-cbc77aa1c405
3,2026-07-19,الأحد,الفترة الصباحية,5,MORNING,3,3,المفضل جميع الاقسام,UNRATED,f942e0f1-2ec6-45a9-8770-cbc77aa1c405
4,2026-07-27,الإثنين,الفترة المسائية,5,MORNING,3,3,المفضل جميع الاقسام,UNRATED,f942e0f1-2ec6-45a9-8770-cbc77aa1c405
1,2026-07-08,الأربعاء,الفترة الصباحية,5,MORNING,4,4,تداوي فارما,UNRATED,def664cf-7891-4c34-a000-ffb6fe721d2c
2,2026-07-11,السبت,الفترة المسائية,5,MORNING,4,4,تداوي فارما,UNRATED,def664cf-7891-4c34-a000-ffb6fe721d2c
3,2026-07-19,الأحد,الفترة الصباحية,5,MORNING,4,4,تداوي فارما,UNRATED,def664cf-7891-4c34-a000-ffb6fe721d2c
4,2026-07-27,الإثنين,الفترة المسائية,5,MORNING,4,4,تداوي فارما,UNRATED,def664cf-7891-4c34-a000-ffb6fe721d2c
1,2026-07-08,الأربعاء,الفترة الصباحية,5,MORNING,5,5,سبأ فارما - عبده البتن,UNRATED,d64a814b-f6e2-41ff-b19e-3eba038a0bbb
2,2026-07-11,السبت,الفترة المسائية,5,MORNING,5,5,سبأ فارما - عبده البتن,UNRATED,d64a814b-f6e2-41ff-b19e-3eba038a0bbb
3,2026-07-19,الأحد,الفترة الصباحية,5,MORNING,5,5,سبأ فارما - عبده البتن,UNRATED,d64a814b-f6e2-41ff-b19e-3eba038a0bbb
4,2026-07-27,الإثنين,الفترة المسائية,5,MORNING,5,5,سبأ فارما - عبده البتن,UNRATED,d64a814b-f6e2-41ff-b19e-3eba038a0bbb
1,2026-07-08,الأربعاء,الفترة الصباحية,5,MORNING,6,6,شركة الفتح جميع الاقسام,UNRATED,a8976105-3c04-458e-8d84-25d8602d45f9
2,2026-07-11,السبت,الفترة المسائية,5,MORNING,6,6,شركة الفتح جميع الاقسام,UNRATED,a8976105-3c04-458e-8d84-25d8602d45f9
3,2026-07-19,الأحد,الفترة الصباحية,5,MORNING,6,6,شركة الفتح جميع الاقسام,UNRATED,a8976105-3c04-458e-8d84-25d8602d45f9
4,2026-07-27,الإثنين,الفترة المسائية,5,MORNING,6,6,شركة الفتح جميع الاقسام,UNRATED,a8976105-3c04-458e-8d84-25d8602d45f9
1,2026-07-08,الأربعاء,الفترة الصباحية,5,MORNING,7,7,شركة عين سبا,UNRATED,830ac83a-ad25-47e0-90fc-710e62988ddb
2,2026-07-11,السبت,الفترة المسائية,5,MORNING,7,7,شركة عين سبا,UNRATED,830ac83a-ad25-47e0-90fc-710e62988ddb
3,2026-07-19,الأحد,الفترة الصباحية,5,MORNING,7,7,شركة عين سبا,UNRATED,830ac83a-ad25-47e0-90fc-710e62988ddb
4,2026-07-27,الإثنين,الفترة المسائية,5,MORNING,7,7,شركة عين سبا,UNRATED,830ac83a-ad25-47e0-90fc-710e62988ddb
1,2026-07-08,الأربعاء,الفترة الصباحية,5,MORNING,8,8,فيجا فارما للأدوية,UNRATED,1985a28b-3812-434f-b209-e0e364c17092
2,2026-07-11,السبت,الفترة المسائية,5,MORNING,8,8,فيجا فارما للأدوية,UNRATED,1985a28b-3812-434f-b209-e0e364c17092
3,2026-07-19,الأحد,الفترة الصباحية,5,MORNING,8,8,فيجا فارما للأدوية,UNRATED,1985a28b-3812-434f-b209-e0e364c17092
4,2026-07-27,الإثنين,الفترة المسائية,5,MORNING,8,8,فيجا فارما للأدوية,UNRATED,1985a28b-3812-434f-b209-e0e364c17092
1,2026-07-08,الأربعاء,الفترة الصباحية,5,MORNING,9,9,مؤسسة عبد الفتاح باجمال,UNRATED,3fd0e3fa-4ab4-4b1f-b2fe-656d3422c548
2,2026-07-11,السبت,الفترة المسائية,5,MORNING,9,9,مؤسسة عبد الفتاح باجمال,UNRATED,3fd0e3fa-4ab4-4b1f-b2fe-656d3422c548
3,2026-07-19,الأحد,الفترة الصباحية,5,MORNING,9,9,مؤسسة عبد الفتاح باجمال,UNRATED,3fd0e3fa-4ab4-4b1f-b2fe-656d3422c548
4,2026-07-27,الإثنين,الفترة المسائية,5,MORNING,9,9,مؤسسة عبد الفتاح باجمال,UNRATED,3fd0e3fa-4ab4-4b1f-b2fe-656d3422c548
1,2026-07-08,الأربعاء,الفترة الصباحية,5,MORNING,10,10,محلات مياس للأدوية,UNRATED,3e304b1d-46ce-4706-984c-8eca5dcc2f2d
2,2026-07-11,السبت,الفترة المسائية,5,MORNING,10,10,محلات مياس للأدوية,UNRATED,3e304b1d-46ce-4706-984c-8eca5dcc2f2d
3,2026-07-19,الأحد,الفترة الصباحية,5,MORNING,10,10,محلات مياس للأدوية,UNRATED,3e304b1d-46ce-4706-984c-8eca5dcc2f2d
4,2026-07-27,الإثنين,الفترة المسائية,5,MORNING,10,10,محلات مياس للأدوية,UNRATED,3e304b1d-46ce-4706-984c-8eca5dcc2f2d
1,2026-07-08,الأربعاء,الفترة الصباحية,5,MORNING,11,1,نانو فارما العالمية,UNRATED,3e103d18-693b-4ef0-9d0d-5b266354db1d
2,2026-07-11,السبت,الفترة المسائية,5,MORNING,11,1,نانو فارما العالمية,UNRATED,3e103d18-693b-4ef0-9d0d-5b266354db1d
3,2026-07-19,الأحد,الفترة الصباحية,5,MORNING,11,1,نانو فارما العالمية,UNRATED,3e103d18-693b-4ef0-9d0d-5b266354db1d
4,2026-07-27,الإثنين,الفترة المسائية,5,MORNING,11,1,نانو فارما العالمية,UNRATED,3e103d18-693b-4ef0-9d0d-5b266354db1d
1,2026-07-08,الأربعاء,الفترة المسائية,5,EVENING,1,1,الجزيرة والخليج,UNRATED,b1550045-49f8-4878-b036-6e83fd4f89d3
2,2026-07-11,السبت,الفترة الصباحية,5,EVENING,1,1,الجزيرة والخليج,UNRATED,b1550045-49f8-4878-b036-6e83fd4f89d3
3,2026-07-19,الأحد,الفترة المسائية,5,EVENING,1,1,الجزيرة والخليج,UNRATED,b1550045-49f8-4878-b036-6e83fd4f89d3
4,2026-07-27,الإثنين,الفترة الصباحية,5,EVENING,1,1,الجزيرة والخليج,UNRATED,b1550045-49f8-4878-b036-6e83fd4f89d3
1,2026-07-08,الأربعاء,الفترة المسائية,5,EVENING,2,2,العبير فارما,UNRATED,1bd2c7eb-e866-4692-b1ef-980e33c32de6
2,2026-07-11,السبت,الفترة الصباحية,5,EVENING,2,2,العبير فارما,UNRATED,1bd2c7eb-e866-4692-b1ef-980e33c32de6
3,2026-07-19,الأحد,الفترة المسائية,5,EVENING,2,2,العبير فارما,UNRATED,1bd2c7eb-e866-4692-b1ef-980e33c32de6
4,2026-07-27,الإثنين,الفترة الصباحية,5,EVENING,2,2,العبير فارما,UNRATED,1bd2c7eb-e866-4692-b1ef-980e33c32de6
1,2026-07-08,الأربعاء,الفترة المسائية,5,EVENING,3,3,الميدان للأدوية,UNRATED,f191fd3e-a031-4200-ae72-075e3cea7720
2,2026-07-11,السبت,الفترة الصباحية,5,EVENING,3,3,الميدان للأدوية,UNRATED,f191fd3e-a031-4200-ae72-075e3cea7720
3,2026-07-19,الأحد,الفترة المسائية,5,EVENING,3,3,الميدان للأدوية,UNRATED,f191fd3e-a031-4200-ae72-075e3cea7720
4,2026-07-27,الإثنين,الفترة الصباحية,5,EVENING,3,3,الميدان للأدوية,UNRATED,f191fd3e-a031-4200-ae72-075e3cea7720
1,2026-07-08,الأربعاء,الفترة المسائية,5,EVENING,4,4,توكيلات اليمامة للأدوية,UNRATED,20dafdb5-f2f8-474f-895c-8fc6b88eed68
2,2026-07-11,السبت,الفترة الصباحية,5,EVENING,4,4,توكيلات اليمامة للأدوية,UNRATED,20dafdb5-f2f8-474f-895c-8fc6b88eed68
3,2026-07-19,الأحد,الفترة المسائية,5,EVENING,4,4,توكيلات اليمامة للأدوية,UNRATED,20dafdb5-f2f8-474f-895c-8fc6b88eed68
4,2026-07-27,الإثنين,الفترة الصباحية,5,EVENING,4,4,توكيلات اليمامة للأدوية,UNRATED,20dafdb5-f2f8-474f-895c-8fc6b88eed68
1,2026-07-08,الأربعاء,الفترة المسائية,5,EVENING,5,5,سر الدواء للأدوية,UNRATED,f4624f06-76b5-4cf0-aabe-b8d4c8507527
2,2026-07-11,السبت,الفترة الصباحية,5,EVENING,5,5,سر الدواء للأدوية,UNRATED,f4624f06-76b5-4cf0-aabe-b8d4c8507527
3,2026-07-19,الأحد,الفترة المسائية,5,EVENING,5,5,سر الدواء للأدوية,UNRATED,f4624f06-76b5-4cf0-aabe-b8d4c8507527
4,2026-07-27,الإثنين,الفترة الصباحية,5,EVENING,5,5,سر الدواء للأدوية,UNRATED,f4624f06-76b5-4cf0-aabe-b8d4c8507527
1,2026-07-08,الأربعاء,الفترة المسائية,5,EVENING,6,6,شركة الفرقان التجارية,UNRATED,23c83fbf-e31d-42d8-b7cd-3e422ab70d2d
2,2026-07-11,السبت,الفترة الصباحية,5,EVENING,6,6,شركة الفرقان التجارية,UNRATED,23c83fbf-e31d-42d8-b7cd-3e422ab70d2d
3,2026-07-19,الأحد,الفترة المسائية,5,EVENING,6,6,شركة الفرقان التجارية,UNRATED,23c83fbf-e31d-42d8-b7cd-3e422ab70d2d
4,2026-07-27,الإثنين,الفترة الصباحية,5,EVENING,6,6,شركة الفرقان التجارية,UNRATED,23c83fbf-e31d-42d8-b7cd-3e422ab70d2d
1,2026-07-08,الأربعاء,الفترة المسائية,5,EVENING,7,7,شركة غرناطة المحدودة,UNRATED,dc17e579-1727-4d4e-bef1-67e09878dde7
2,2026-07-11,السبت,الفترة الصباحية,5,EVENING,7,7,شركة غرناطة المحدودة,UNRATED,dc17e579-1727-4d4e-bef1-67e09878dde7
3,2026-07-19,الأحد,الفترة المسائية,5,EVENING,7,7,شركة غرناطة المحدودة,UNRATED,dc17e579-1727-4d4e-bef1-67e09878dde7
4,2026-07-27,الإثنين,الفترة الصباحية,5,EVENING,7,7,شركة غرناطة المحدودة,UNRATED,dc17e579-1727-4d4e-bef1-67e09878dde7
1,2026-07-08,الأربعاء,الفترة المسائية,5,EVENING,8,8,ليدر فارما للأدوية,UNRATED,f68e76ae-a9de-4e5d-ab33-76d35795cfe7
2,2026-07-11,السبت,الفترة الصباحية,5,EVENING,8,8,ليدر فارما للأدوية,UNRATED,f68e76ae-a9de-4e5d-ab33-76d35795cfe7
3,2026-07-19,الأحد,الفترة المسائية,5,EVENING,8,8,ليدر فارما للأدوية,UNRATED,f68e76ae-a9de-4e5d-ab33-76d35795cfe7
4,2026-07-27,الإثنين,الفترة الصباحية,5,EVENING,8,8,ليدر فارما للأدوية,UNRATED,f68e76ae-a9de-4e5d-ab33-76d35795cfe7
1,2026-07-08,الأربعاء,الفترة المسائية,5,EVENING,9,9,مؤسسة محمد الشاعر,UNRATED,47639ab6-fc5d-4af0-b422-66055b9096e1
2,2026-07-11,السبت,الفترة الصباحية,5,EVENING,9,9,مؤسسة محمد الشاعر,UNRATED,47639ab6-fc5d-4af0-b422-66055b9096e1
3,2026-07-19,الأحد,الفترة المسائية,5,EVENING,9,9,مؤسسة محمد الشاعر,UNRATED,47639ab6-fc5d-4af0-b422-66055b9096e1
4,2026-07-27,الإثنين,الفترة الصباحية,5,EVENING,9,9,مؤسسة محمد الشاعر,UNRATED,47639ab6-fc5d-4af0-b422-66055b9096e1
1,2026-07-08,الأربعاء,الفترة المسائية,5,EVENING,10,10,محمد الجوهري,UNRATED,cc51dcf7-de94-45d4-8aaf-28852563ace3
2,2026-07-11,السبت,الفترة الصباحية,5,EVENING,10,10,محمد الجوهري,UNRATED,cc51dcf7-de94-45d4-8aaf-28852563ace3
3,2026-07-19,الأحد,الفترة المسائية,5,EVENING,10,10,محمد الجوهري,UNRATED,cc51dcf7-de94-45d4-8aaf-28852563ace3
4,2026-07-27,الإثنين,الفترة الصباحية,5,EVENING,10,10,محمد الجوهري,UNRATED,cc51dcf7-de94-45d4-8aaf-28852563ace3
1,2026-07-08,الأربعاء,الفترة المسائية,5,EVENING,11,1,هم حضرموت للاستيراد,UNRATED,99fd5d6d-2d6c-40b7-b866-17728dab035b
2,2026-07-11,السبت,الفترة الصباحية,5,EVENING,11,1,هم حضرموت للاستيراد,UNRATED,99fd5d6d-2d6c-40b7-b866-17728dab035b
3,2026-07-19,الأحد,الفترة المسائية,5,EVENING,11,1,هم حضرموت للاستيراد,UNRATED,99fd5d6d-2d6c-40b7-b866-17728dab035b
4,2026-07-27,الإثنين,الفترة الصباحية,5,EVENING,11,1,هم حضرموت للاستيراد,UNRATED,99fd5d6d-2d6c-40b7-b866-17728dab035b
